id,url,zh_cn,zh_tw,en,ja,translate,note
3e02b9ce6931d674,https://avsox.website/cn/genre/3e02b9ce6931d674,1080p,1080p,1080p,1080p,1080p,
f545ddeb2f2c0f1f,https://avsox.website/cn/genre/f545ddeb2f2c0f1f,10代,10代,Teen,10代,10代,
b63ab58528339b7f,https://avsox.website/cn/genre/b63ab58528339b7f,60fps,60fps,60fps,60fps,60fps,
eaa8cebf3db8b605.319d02ebb80cd3c2.eeeb1c9f83c5ab7a,https://avsox.website/cn/genre/eaa8cebf3db8b605.319d02ebb80cd3c2.eeeb1c9f83c5ab7a,69,電マ,69,69,69,
5cfb5e2e6144f28d,https://avsox.website/cn/genre/5cfb5e2e6144f28d,AV女优,AV女優,AV Idol,AV女優,AV女优,
e6ef9e877dd518d5,https://avsox.website/cn/genre/e6ef9e877dd518d5,C罩杯,Cカップ,Cカップ,Cカップ,C罩杯,
b0b3be30e6bf490f,https://avsox.website/cn/genre/b0b3be30e6bf490f,D罩杯,Dカップ,Dカップ,Dカップ,D罩杯,
f6afb2e2522aa18d,https://avsox.website/cn/genre/f6afb2e2522aa18d,E罩杯,Eカップ,Eカップ,Eカップ,E罩杯,
1416cd14ca9bdedf,https://avsox.website/cn/genre/1416cd14ca9bdedf,F罩杯,Fカップ,Fカップ,Fカップ,F罩杯,
95b82295054855d4.71f5c2908264dd6b,https://avsox.website/cn/genre/95b82295054855d4.71f5c2908264dd6b,G罩杯,Gカップ,Gカップ,Gカップ,G罩杯,
0d8b0b9a2cd787e4.3efaca5a87bd549e,https://avsox.website/cn/genre/0d8b0b9a2cd787e4.3efaca5a87bd549e,H罩杯,Hカップ,Hカップ,Hカップ,H罩杯,
acd06367e58ebfae,https://avsox.website/cn/genre/acd06367e58ebfae,I罩杯,Iカップ,Iカップ,Iカップ,I罩杯,
7827f11c66965f3d,https://avsox.website/cn/genre/7827f11c66965f3d,KTV,カラオケルーム,Karaoke room,カラオケルーム,KTV,
410ec41bcb28f599.f820dbb71e7cbfde.265469190b0a3f29.0392e6662174933e,https://avsox.website/cn/genre/410ec41bcb28f599.f820dbb71e7cbfde.265469190b0a3f29.0392e6662174933e,SM,SM,SM,SM,SM,
75d6354dfa64230b,https://avsox.website/cn/genre/75d6354dfa64230b,S级女优,超有名S級女優,Famous Names,超有名S級女優,S级女优,
fbe3041e96f7c4c0,https://avsox.website/cn/genre/fbe3041e96f7c4c0,VIP,VIP,VIP,VIP,VIP,
168739e494ae5ba1.87e00283b80cbe2e,https://avsox.website/cn/genre/168739e494ae5ba1.87e00283b80cbe2e,丁字裤,Tバック、まんぐり返し,Tバック、まんぐり返し,Tバック、まんぐり返し,丁字裤,
e2bcc73663b66bef,https://avsox.website/cn/genre/e2bcc73663b66bef,丈夫,夫,夫,夫,丈夫,
64dbe6a80ede2770,https://avsox.website/cn/genre/64dbe6a80ede2770,上司,上司,上司,上司,上司,
4b235d5a021b29a1,https://avsox.website/cn/genre/4b235d5a021b29a1,下午,昼下がり,昼下がり,昼下がり,下午,
d801e3ee89c04d67,https://avsox.website/cn/genre/d801e3ee89c04d67,下流,卑猥,卑猥,卑猥,下流,
bb8d543cbeb317a7.8cc3e2c8dbe54820,https://avsox.website/cn/genre/bb8d543cbeb317a7.8cc3e2c8dbe54820,不忠,不倫・浮気,不倫・浮気,不倫・浮気,不忠,
212d6185c21d2c91,https://avsox.website/cn/genre/212d6185c21d2c91,不戴胸罩,ノーブラ,ノーブラ,ノーブラ,不戴胸罩,
0e84571edb301d3a,https://avsox.website/cn/genre/0e84571edb301d3a,不穿内裤,ノーパン,ノーパン,ノーパン,不穿内裤,
a747b58307984397,https://avsox.website/cn/genre/a747b58307984397,丝带,リボン,リボン,リボン,丝带,
162d94414015cec1,https://avsox.website/cn/genre/162d94414015cec1,丧服,喪服,喪服,喪服,丧服,
9c3d65d374c30d4b.6c0883a587e43ab7.1abb927d68b3f8eb.072ac808c7a5f2e4.27b405d9784a416e.3d25dcb22df72e74,https://avsox.website/cn/genre/9c3d65d374c30d4b.6c0883a587e43ab7.1abb927d68b3f8eb.072ac808c7a5f2e4.27b405d9784a416e.3d25dcb22df72e74,丰满,ぽっちゃり,ぽっちゃり,ぽっちゃり,丰满,
7dc877b6c5c03e5d,https://avsox.website/cn/genre/7dc877b6c5c03e5d,主动,積極的,積極的,積極的,主动,
ff97abc58c7dc31c.d96a90f34a666cf1,https://avsox.website/cn/genre/ff97abc58c7dc31c.d96a90f34a666cf1,主妇,主婦,主婦,主婦,主妇,
9f63749d2b1be4fc.feeea4b704ebafd9.39a6e870bb9a29d9,https://avsox.website/cn/genre/9f63749d2b1be4fc.feeea4b704ebafd9.39a6e870bb9a29d9,乱交,乱交,Orgy,乱交,乱交,
7dc5928f0ca2eef1,https://avsox.website/cn/genre/7dc5928f0ca2eef1,乱搞,複数プレイ,複数プレイ,複数プレイ,乱搞,
f16815aece50e399.8b50acc38409ed7b,https://avsox.website/cn/genre/f16815aece50e399.8b50acc38409ed7b,乳交,パイズリ,Titty Fuck,パイズリ,乳交,
df6e135761c8121e.3eee19c5d93d7b5a,https://avsox.website/cn/genre/df6e135761c8121e.3eee19c5d93d7b5a,二穴同入,アナルマンコ同時挿入,アナルマンコ同時挿入,アナルマンコ同時挿入,二穴同入,
3c2d1176a6f910dd,https://avsox.website/cn/genre/3c2d1176a6f910dd,亲人,近親○姦,Kinshin-Soukan,近親○姦,亲人,
62b917832fe4563e,https://avsox.website/cn/genre/62b917832fe4563e,人妖,シーメール,Shemale,ニューハーフ,人妖,
9ad391bb48969874.05ced8a615ee17d4.3bd9d8959f0212a6.52a129a3ce4fc084.44dbb34e230ae698,https://avsox.website/cn/genre/9ad391bb48969874.05ced8a615ee17d4.3bd9d8959f0212a6.52a129a3ce4fc084.44dbb34e230ae698,人妻,プ〜,人妻,人妻,人妻,
ce4f786eb328cb6b,https://avsox.website/cn/genre/ce4f786eb328cb6b,人气系列,人気シリーズ,人気シリーズ,人気シリーズ,人气系列,
e2bc8fc08f9d0281,https://avsox.website/cn/genre/e2bc8fc08f9d0281,企划物,企画物,企画物,企画物,企划物,
a514288ed9216571,https://avsox.website/cn/genre/a514288ed9216571,休闲装,普段着,普段着,普段着,休闲装,
374e2d92b6b596d7,https://avsox.website/cn/genre/374e2d92b6b596d7,住一宿,一泊,一泊,一泊,住一宿,
2ea7aae8f35c956b,https://avsox.website/cn/genre/2ea7aae8f35c956b,住宅,住宅,住宅,住宅,住宅,
6de3ab7667c5b424,https://avsox.website/cn/genre/6de3ab7667c5b424,侧位内射,側位中出し,側位中出し,側位中出し,侧位内射,
578b3dc41117c669,https://avsox.website/cn/genre/578b3dc41117c669,便利店,コンビニ,コンビニ,コンビニ,便利店,
aaeed330a5de8ba2,https://avsox.website/cn/genre/aaeed330a5de8ba2,保健室,保健室,保健室,保健室,保健室,
95992882761c3e90,https://avsox.website/cn/genre/95992882761c3e90,保守,清楚,清楚,清楚,保守,
4850b1e8beef1cfa.f20ed228fda3d9d3,https://avsox.website/cn/genre/4850b1e8beef1cfa.f20ed228fda3d9d3,借款,借金,借金,借金,借款,
e0e1e1285faa0212,https://avsox.website/cn/genre/e0e1e1285faa0212,假阳具,ディルド,ディルド,ディルド,假阳具,
43d7fd36fedc84e2,https://avsox.website/cn/genre/43d7fd36fedc84e2,做家务,家事,家事,家事,做家务,
e737739e91600156,https://avsox.website/cn/genre/e737739e91600156,偶像,アイドル,アイドル,アイドル,偶像,
21b743106c504a62.7f9baee44138f08f,https://avsox.website/cn/genre/21b743106c504a62.7f9baee44138f08f,偷拍,盗撮,盗撮,盗撮,偷拍,
8cb503f3126ac8dd.216f469743a91fab,https://avsox.website/cn/genre/8cb503f3126ac8dd.216f469743a91fab,偷窥,のぞき,のぞき,のぞき,偷窥,
f3cb36313e7b5002,https://avsox.website/cn/genre/f3cb36313e7b5002,儿子,息子,息子,息子,儿子,
3c0f9432f46ec8d6,https://avsox.website/cn/genre/3c0f9432f46ec8d6,全裸,全裸,全裸,全裸,全裸,
0d7447a8a4c8be2a,https://avsox.website/cn/genre/0d7447a8a4c8be2a,公交车,バス,バス,バス,公交车,
c6b5c45e98279b32,https://avsox.website/cn/genre/c6b5c45e98279b32,公共厕所,公衆便所,公衆便所,公衆便所,公共厕所,
43e3d62f632d6f88,https://avsox.website/cn/genre/43e3d62f632d6f88,公司,会社,会社,会社,公司,
b285abba3ba794eb,https://avsox.website/cn/genre/b285abba3ba794eb,公园,公園,公園,公園,公园,
9f0bcbb32cae134d.b7aaf8166f1e834e,https://avsox.website/cn/genre/9f0bcbb32cae134d.b7aaf8166f1e834e,公寓,アパート,アパート,アパート,公寓,
795e6b018cdb8cd5.5b4c1e011abe0f43.91c1c2d23526a4c9,https://avsox.website/cn/genre/795e6b018cdb8cd5.5b4c1e011abe0f43.91c1c2d23526a4c9,内射,初代令和ブラザーズ,Creampie,中出し,内射,
7166e63eebe3b556,https://avsox.website/cn/genre/7166e63eebe3b556,内射潮吹,中出し精液潮混合噴射,中出し精液潮混合噴射,中出し精液潮混合噴射,内射潮吹,
d1d6ac5e8ad2bde0,https://avsox.website/cn/genre/d1d6ac5e8ad2bde0,内射观察,中出しクスコ覗き,中出しクスコ覗き,中出しクスコ覗き,内射观察,
6f6ca9c74e684969,https://avsox.website/cn/genre/6f6ca9c74e684969,内衣,下着,下着,下着,内衣,
7982d3cbc7f92bb0,https://avsox.website/cn/genre/7982d3cbc7f92bb0,再会,再会,再会,再会,再会,
beee35a318fb81b0,https://avsox.website/cn/genre/beee35a318fb81b0,农村,田舎,田舎,田舎,农村,
8dd9e7b22100b50d.097ca215d8f2a8fb.dd375944ae1af243,https://avsox.website/cn/genre/8dd9e7b22100b50d.097ca215d8f2a8fb.dd375944ae1af243,凌辱,Platinum,Gagging,イラマチオ,凌辱,
fc167ebf978fcb21,https://avsox.website/cn/genre/fc167ebf978fcb21,出差,出張,出張,出張,出差,
7f390ac961b5af73,https://avsox.website/cn/genre/7f390ac961b5af73,别墅,別荘,別荘,別荘,别墅,
4001e6ffc2c9fbf6,https://avsox.website/cn/genre/4001e6ffc2c9fbf6,制服,制服,Uniform,制服,制服,
bcd718578740c3a5.b49a3b983cfb8dfc.def02e879104ceed,https://avsox.website/cn/genre/bcd718578740c3a5.b49a3b983cfb8dfc.def02e879104ceed,剃毛,剃毛,Shave,剃毛,剃毛,
ead259afba51bcdd.3b4b03e10875c4fe,https://avsox.website/cn/genre/ead259afba51bcdd.3b4b03e10875c4fe,剧情,ドラマ・ストーリー,Drama,ドラマ・ストーリー,剧情,
fea709da22db7d1c,https://avsox.website/cn/genre/fea709da22db7d1c,办公室,オフィス,オフィス,オフィス,办公室,
8a7bcb8e88ef8fa6.59dbfcc9d2e0f48e.36f1b7e60022f975.934701a0c19b5f91.bb80bb4f6b48e4a4,https://avsox.website/cn/genre/8a7bcb8e88ef8fa6.59dbfcc9d2e0f48e.36f1b7e60022f975.934701a0c19b5f91.bb80bb4f6b48e4a4,勾引,逆ナン,逆ナン,逆ナン,勾引,
134416e1658593dd.2fecd96e215a1401.115740ab6a178f58.1b1ea06e6d979446.99201c7582560bbd,https://avsox.website/cn/genre/134416e1658593dd.2fecd96e215a1401.115740ab6a178f58.1b1ea06e6d979446.99201c7582560bbd,医生,女医,女医,女医,医生,
0f1c55c120c09561.824baaad16ed3ca4,https://avsox.website/cn/genre/0f1c55c120c09561.824baaad16ed3ca4,医院,病院,病院,病院,医院,
f2f93470facaafea,https://avsox.website/cn/genre/f2f93470facaafea,卷发,クルクル巻髪,Curly Hair,クルクル巻髪,卷发,
3bf5009435de28a8,https://avsox.website/cn/genre/3bf5009435de28a8,压力,ストレス,ストレス,ストレス,压力,
5dbc5afad20366ff.ed00fa15eb8377ea,https://avsox.website/cn/genre/5dbc5afad20366ff.ed00fa15eb8377ea,厕所,トイレ,トイレ,トイレ,厕所,
5b81a11e05a90713,https://avsox.website/cn/genre/5b81a11e05a90713,厨房,キッチン,キッチン,キッチン,厨房,
512353010ad9bacf.a21756fb5533d02b,https://avsox.website/cn/genre/512353010ad9bacf.a21756fb5533d02b,受虐,ドM,ドM,ドM,受虐,
6accf54e3a21048b,https://avsox.website/cn/genre/6accf54e3a21048b,变态,変態,変態,変態,变态,
cd6253596ef02a2a,https://avsox.website/cn/genre/cd6253596ef02a2a,变态游戏,変態プレイ,変態プレイ,変態プレイ,变态游戏,
b517d734c0d87f49.9da0b59eb1f5c94d.a2e55374a68e133c,https://avsox.website/cn/genre/b517d734c0d87f49.9da0b59eb1f5c94d.a2e55374a68e133c,口交,フェラ,Blowjob,フェラ,口交,
3d5ead0de69520f9.138b1ead40359cea.12f4ed653ce6dc83,https://avsox.website/cn/genre/3d5ead0de69520f9.138b1ead40359cea.12f4ed653ce6dc83,口内射精,口内発射,Cum-in-Mouth,口内発射,口内射精,
e9f5fd7e77976045.00f071f11d3c47d6.ceb14114765bc12d,https://avsox.website/cn/genre/e9f5fd7e77976045.00f071f11d3c47d6.ceb14114765bc12d,口射,口射,口射,口射,口射,
ed9d6aaa370e2af1,https://avsox.website/cn/genre/ed9d6aaa370e2af1,同事,同僚,同僚,同僚,同事,
8072f38f2997c7c0.6a848cc6464156df,https://avsox.website/cn/genre/8072f38f2997c7c0.6a848cc6464156df,同性恋,レズ,Lesbian,レズ,同性恋,
9859ceaa28ca64a4.57fc0545585013f7.ffbe6be7a6f1362d,https://avsox.website/cn/genre/9859ceaa28ca64a4.57fc0545585013f7.ffbe6be7a6f1362d,后入,バック,バック,バック,后入,
473f5264b506913f,https://avsox.website/cn/genre/473f5264b506913f,后入内射,バック中出し,バック中出し,バック中出し,后入内射,
82ecd67cc1dbffa5.6da36d47ffdeb771.81c18fc69a055300.58d1b9fec534eea4,https://avsox.website/cn/genre/82ecd67cc1dbffa5.6da36d47ffdeb771.81c18fc69a055300.58d1b9fec534eea4,吞精,ごっくん,Swallow,ごっくん,吞精,
252565ff8f68230a.1c4fa08e6d9c1333.4c835d8e27a4c9e1.1dcee59b7e7a97b2.b5a7e8f1492a1de3,https://avsox.website/cn/genre/252565ff8f68230a.1c4fa08e6d9c1333.4c835d8e27a4c9e1.1dcee59b7e7a97b2.b5a7e8f1492a1de3,吸精,掃除,掃除,掃除,吸精,
6a38e26e1d19478b,https://avsox.website/cn/genre/6a38e26e1d19478b,和室,和室,和室,和室,和室,
64aa2cab5cb1d6f9,https://avsox.website/cn/genre/64aa2cab5cb1d6f9,和服,着物,着物,着物,和服,
e82b22c8e2f8ab8d,https://avsox.website/cn/genre/e82b22c8e2f8ab8d,啦啦队,チアリーダー,Chearleaders,チアリーダー,啦啦队,
4673b710362a75da,https://avsox.website/cn/genre/4673b710362a75da,喝口水,唾液を飲む,saliva,唾液を飲む,喝口水,
cda28929b8637c57,https://avsox.website/cn/genre/cda28929b8637c57,喝尿,プ〜,Pooh,飲尿,喝尿,
8c12d3ec2b142746.6bb56a707eed3251.222ab0fb4b3c0bac,https://avsox.website/cn/genre/8c12d3ec2b142746.6bb56a707eed3251.222ab0fb4b3c0bac,喝酒,酒,酒,酒,喝酒,
a556eddafdf24039.ad3b5ee4066bc285,https://avsox.website/cn/genre/a556eddafdf24039.ad3b5ee4066bc285,围裙,エプロン,Apron,エプロン,围裙,
d97c7a8f21124af6,https://avsox.website/cn/genre/d97c7a8f21124af6,地下室,地下室,地下室,地下室,地下室,
623aa91e0d71398e,https://avsox.website/cn/genre/623aa91e0d71398e,处女作,初登場,初登場,初登場,处女作,
5a07be553e5ab0fd.80be243ea6164094.349141b7244f3c38.f974dd8cc1fee73a.e0dc4147fd2205e8,https://avsox.website/cn/genre/5a07be553e5ab0fd.80be243ea6164094.349141b7244f3c38.f974dd8cc1fee73a.e0dc4147fd2205e8,外观相似,そっくりさん,Look-alike,そっくりさん,外观相似,
0dc20e2d1c69a741,https://avsox.website/cn/genre/0dc20e2d1c69a741,外遇,浮気,浮気,浮気,外遇,
ba1963f970a610af.f19775d3dc23f16b.76cd849224a91154.38acfeb9e0b949d2.c15c3d1b2b89447a.064e8abf16de3fc9.09d0cb391fca83e7.696fafd51823c610.a1b85e91d9f36b1f.0724b09cf8022d8c.67706abef069903c,https://avsox.website/cn/genre/ba1963f970a610af.f19775d3dc23f16b.76cd849224a91154.38acfeb9e0b949d2.c15c3d1b2b89447a.064e8abf16de3fc9.09d0cb391fca83e7.696fafd51823c610.a1b85e91d9f36b1f.0724b09cf8022d8c.67706abef069903c,多P,３P,３P,３P,多P,
8730368c61c659d8.64c8502999907c2d,https://avsox.website/cn/genre/8730368c61c659d8.64c8502999907c2d,多人口交,Ｗフェラ,Ｗフェラ,Ｗフェラ,多人口交,
47f7b6ce11384269.77cfdc7777da7a50.f68f4e38ca11bf2f,https://avsox.website/cn/genre/47f7b6ce11384269.77cfdc7777da7a50.f68f4e38ca11bf2f,多毛,毛深い,毛深い,毛深い,多毛,
d86d93ff5b384bdd,https://avsox.website/cn/genre/d86d93ff5b384bdd,大便,うんち,うんち,うんち,大便,
8e6c8cf10c52df0a,https://avsox.website/cn/genre/8e6c8cf10c52df0a,大学生,大学生,大学生,大学生,大学生,
1a7895b772414aae,https://avsox.website/cn/genre/1a7895b772414aae,大街,街中,街中,街中,大街,
72818c2e81e01a5e,https://avsox.website/cn/genre/72818c2e81e01a5e,大衣,コート,コート,コート,大衣,
daddf4e9b9c79f92.4f0dbd95b4355a75.3c78dae7c91391ab.cf55c5db414e42ac.64e0ca862f5dad00,https://avsox.website/cn/genre/daddf4e9b9c79f92.4f0dbd95b4355a75.3c78dae7c91391ab.cf55c5db414e42ac.64e0ca862f5dad00,大量潮吹,大量潮吹き,大量潮吹き,大量潮吹き,大量潮吹,
87ce95b4059a4c47,https://avsox.website/cn/genre/87ce95b4059a4c47,大阴蒂,巨大クリ,巨大クリ,巨大クリ,大阴蒂,
218e4eb60b6f6bdb,https://avsox.website/cn/genre/218e4eb60b6f6bdb,夫妇,夫婦,夫婦,夫婦,夫妇,
7b4c367923a26d1f.99ec9a57b633119c,https://avsox.website/cn/genre/7b4c367923a26d1f.99ec9a57b633119c,失禁,失禁,失禁,失禁,失禁,
8291ce808e8d37ab.09c8a86cda941162,https://avsox.website/cn/genre/8291ce808e8d37ab.09c8a86cda941162,套装,スーツ,スーツ,スーツ,套装,
63e2ff814ca15747,https://avsox.website/cn/genre/63e2ff814ca15747,女仆,メイド,Maid,メイド,女仆,
ad008693c8a83f65,https://avsox.website/cn/genre/ad008693c8a83f65,女体盛,女体盛り,Foods on Body,女体盛り,女体盛,
99ea11e16284447a.76b6f80a2e8884e7,https://avsox.website/cn/genre/99ea11e16284447a.76b6f80a2e8884e7,女教师,女教師,女教師,女教師,女教师,
47251408c7a81957,https://avsox.website/cn/genre/47251408c7a81957,奴役,ボンテージ,Bondage,ボンテージ,奴役,
24457fad1a059c36,https://avsox.website/cn/genre/24457fad1a059c36,奶奶,お婆ちゃん,お婆ちゃん,お婆ちゃん,奶奶,
1008e76606857d49.4f7c70b22ed8b508,https://avsox.website/cn/genre/1008e76606857d49.4f7c70b22ed8b508,妈妈,ママ,ママ,ママ,妈妈,
0085ed7cd400e3ba.53c039a80a74bc5e,https://avsox.website/cn/genre/0085ed7cd400e3ba.53c039a80a74bc5e,姐姐,お姉さん,お姉さん,お姉さん,姐姐,
ed19104cd630c885,https://avsox.website/cn/genre/ed19104cd630c885,娇小,小柄,小柄,小柄,娇小,
817e15249591e227,https://avsox.website/cn/genre/817e15249591e227,婚礼,ウェディング,ウェディング,ウェディング,婚礼,
f9bbfc07c169d859.58e9759f0891a92b,https://avsox.website/cn/genre/f9bbfc07c169d859.58e9759f0891a92b,孕妇,妊娠,妊娠,妊娠,孕妇,
aaa468ba01e5a7f8,https://avsox.website/cn/genre/aaa468ba01e5a7f8,学校,学校,学校,学校,学校,
9e9b4458cc6a88a7.94b581a4417a6654,https://avsox.website/cn/genre/9e9b4458cc6a88a7.94b581a4417a6654,学生,女子校生,Student,女子校生,学生,
c9150357fe0eaf44.19aedc0b0fc178b3,https://avsox.website/cn/genre/c9150357fe0eaf44.19aedc0b0fc178b3,实拍,ドキュメント/実録,ドキュメント/実録,ドキュメント/実録,实拍,
16665bce90eb4266,https://avsox.website/cn/genre/16665bce90eb4266,客人,お客,お客,お客,客人,
387898190c68ef9e,https://avsox.website/cn/genre/387898190c68ef9e,家中,自宅,自宅,自宅,家中,
4de07ffe3c769a0a,https://avsox.website/cn/genre/4de07ffe3c769a0a,密会,密会,密会,密会,密会,
0d6da433c77fde0b,https://avsox.website/cn/genre/0d6da433c77fde0b,密室,密室,密室,密室,密室,
339cf0bbf67797f1,https://avsox.website/cn/genre/339cf0bbf67797f1,寡妇,未亡人,未亡人,未亡人,寡妇,
821b4ed733bb710e,https://avsox.website/cn/genre/821b4ed733bb710e,射在外阴,マンコぶっかけ,マンコぶっかけ,マンコぶっかけ,射在外阴,
f053fd36e3c3b0ec,https://avsox.website/cn/genre/f053fd36e3c3b0ec,射在大腿,太腿に精液,太腿に精液,太腿に精液,射在大腿,
c74e0aeb2e66f516,https://avsox.website/cn/genre/c74e0aeb2e66f516,射在头发,髪に精液,髪に精液,髪に精液,射在头发,
39226981d6fe2da8,https://avsox.website/cn/genre/39226981d6fe2da8,射在屁股,Platinum,Platinum,尻に精液,射在屁股,
47b19b0bdce6368f,https://avsox.website/cn/genre/47b19b0bdce6368f,射在胸部,Platinum,Platinum,胸に精液,射在胸部,
aa8828c4bca3b022,https://avsox.website/cn/genre/aa8828c4bca3b022,射在腹部,腹に精液,腹に精液,腹に精液,射在腹部,
6344152f429b090c,https://avsox.website/cn/genre/6344152f429b090c,射在衣服上,着衣に精液,着衣に精液,着衣に精液,射在衣服上,
7a1c2d8cf575ee0f.2518b61298803e75.d36ac2afca053caf.91b50f9663dd0192.201e5f7d30d676c1,https://avsox.website/cn/genre/7a1c2d8cf575ee0f.2518b61298803e75.d36ac2afca053caf.91b50f9663dd0192.201e5f7d30d676c1,小便,Blonde,Peeing,放尿,小便,
b58794c298fb2738,https://avsox.website/cn/genre/b58794c298fb2738,小姐,キャバ嬢,キャバ嬢,キャバ嬢,小姐,
54513de62bd62773,https://avsox.website/cn/genre/54513de62bd62773,小麦色,小麦肌,小麦肌,小麦肌,小麦色,
df0b0f28a51eeb9a.df29d8b0d792761d.506a79877e09e4fa,https://avsox.website/cn/genre/df0b0f28a51eeb9a.df29d8b0d792761d.506a79877e09e4fa,少女,美少女,美少女,美少女,少女,
d6bdedbcbef50452.cbb4c50ea7a05302,https://avsox.website/cn/genre/d6bdedbcbef50452.cbb4c50ea7a05302,尖叫,絶叫,絶叫,絶叫,尖叫,
2e18918a4b805504,https://avsox.website/cn/genre/2e18918a4b805504,屁股,お尻,お尻,お尻,屁股,
881b7a92e03cf3b4,https://avsox.website/cn/genre/881b7a92e03cf3b4,屋顶,屋上,屋上,屋上,屋顶,
9f0ee79b228cfca9,https://avsox.website/cn/genre/9f0ee79b228cfca9,岳母,義母,義母,義母,岳母,
f0ad28612ffaf8cc,https://avsox.website/cn/genre/f0ad28612ffaf8cc,工作人员,スタッフ,スタッフ,スタッフ,工作人员,
22523cc0f3d6ed03.5fbd4e90cae3d2e1.cfad1b863a73ae38.7b66dcb9c87c9df8.b7132d301e605b04,https://avsox.website/cn/genre/22523cc0f3d6ed03.5fbd4e90cae3d2e1.cfad1b863a73ae38.7b66dcb9c87c9df8.b7132d301e605b04,巨乳,素人,Big Tits,巨乳,巨乳,
205f3e8c50226fed.6e5b894edbb3f76c,https://avsox.website/cn/genre/205f3e8c50226fed.6e5b894edbb3f76c,巨大阳具,デカマラ,デカマラ,デカマラ,巨大阳具,
7270e246f3f2c23a.fc0a88bc9dd5fab6,https://avsox.website/cn/genre/7270e246f3f2c23a.fc0a88bc9dd5fab6,巨臀,巨尻,巨尻,巨尻,巨臀,
08f75a0642421db2.064af8a6a31d4fad.24d8330e84b0ac17,https://avsox.website/cn/genre/08f75a0642421db2.064af8a6a31d4fad.24d8330e84b0ac17,年轻人妻,幼妻,幼妻,幼妻,年轻人妻,
af3ca3536d70c793.41f66c3ad09b044c,https://avsox.website/cn/genre/af3ca3536d70c793.41f66c3ad09b044c,幻想,妄想,妄想,妄想,幻想,
3a54852ee52bb041,https://avsox.website/cn/genre/3a54852ee52bb041,床,ベッド,ベッド,ベッド,床,
644ddb48c6a4db96,https://avsox.website/cn/genre/644ddb48c6a4db96,店员,店員,店員,店員,店员,
02898dedfbb1e449,https://avsox.website/cn/genre/02898dedfbb1e449,开口器,開口具（ボールギャグ含）,開口具（ボールギャグ含）,開口具（ボールギャグ含）,开口器,
98cbc178b316a74d.1a4684031986e60d,https://avsox.website/cn/genre/98cbc178b316a74d.1a4684031986e60d,异物插入,異物挿入,Foreign,異物挿入,异物插入,
ed1a251836b8fa43.773daf49a8825717.cf474efbe0664c6e,https://avsox.website/cn/genre/ed1a251836b8fa43.773daf49a8825717.cf474efbe0664c6e,微乳,Blowjob,Small Tits,微乳,微乳,
e462ebc022dcf250,https://avsox.website/cn/genre/e462ebc022dcf250,性伴侣,セフレ,セフレ,セフレ,性伴侣,
f3999f5aed55f966.b5739f8d6719718d,https://avsox.website/cn/genre/f3999f5aed55f966.b5739f8d6719718d,性感,セクシー,セクシー,セクシー,性感,
7abd4483954842f3,https://avsox.website/cn/genre/7abd4483954842f3,恋物癖,フェチ,ハメ撮り,フェチ,恋物癖,
dcacb1f09d29bee7,https://avsox.website/cn/genre/dcacb1f09d29bee7,恶作剧,ドッキリ,ドッキリ,ドッキリ,恶作剧,
61cb60254811a02c,https://avsox.website/cn/genre/61cb60254811a02c,悬挂,吊り下げ・磔,吊り下げ・磔,吊り下げ・磔,悬挂,
f2b33b0f38724411,https://avsox.website/cn/genre/f2b33b0f38724411,情人,彼女,彼女,彼女,情人,
af4fbe1fd0ee2eb5.04254d9a17af9d6b.ba5b84fe7a392dc8.09a3319a9ab8e256,https://avsox.website/cn/genre/af4fbe1fd0ee2eb5.04254d9a17af9d6b.ba5b84fe7a392dc8.09a3319a9ab8e256,情趣内衣,セクシーランジェリー,セクシーランジェリー,セクシーランジェリー,情趣内衣,
f5c6b531f56e2803,https://avsox.website/cn/genre/f5c6b531f56e2803,愿望,願い,願い,願い,愿望,
34c65ce9d0dab55b.5a76ad296d5bf45e.6376fa5cb51edebc,https://avsox.website/cn/genre/34c65ce9d0dab55b.5a76ad296d5bf45e.6376fa5cb51edebc,房间,部屋,部屋,部屋,房间,
b0b282e772f8852f.1410cb4f0761f4e6,https://avsox.website/cn/genre/b0b282e772f8852f.1410cb4f0761f4e6,手淫,手コキ,Handjob,手コキ,手淫,
d75d4ab35a66d2fc,https://avsox.website/cn/genre/d75d4ab35a66d2fc,手铐,手錠,Handcuffs,手錠,手铐,
4c55a9b741bba4c0,https://avsox.website/cn/genre/4c55a9b741bba4c0,打屁股,スパンキング,スパンキング,スパンキング,打屁股,
831c0b81987ef668,https://avsox.website/cn/genre/831c0b81987ef668,打底裤,レギンス,レギンス,レギンス,打底裤,
4381bc13514bd8a9.046e6fdc82bcd840,https://avsox.website/cn/genre/4381bc13514bd8a9.046e6fdc82bcd840,打桩机,マングリ返し,Piledriver,マングリ返し,打桩机,
bf8ded50b330e932.cf3cd314a6b16600,https://avsox.website/cn/genre/bf8ded50b330e932.cf3cd314a6b16600,打飞机,ハード系,Hard,ハード系,打飞机,
cfed1f4a9235beea,https://avsox.website/cn/genre/cfed1f4a9235beea,扯破连裤袜,パンスト破き・切り,パンスト破き・切り,パンスト破き・切り,扯破连裤袜,
50b35a2b0dae8b10,https://avsox.website/cn/genre/50b35a2b0dae8b10,投稿,投稿,投稿,投稿,投稿,
b1623a34d95c19eb.2f33a6f1e8160226,https://avsox.website/cn/genre/b1623a34d95c19eb.2f33a6f1e8160226,护士,看護婦,Nurse,看護婦,护士,
441b06e69a0fae88,https://avsox.website/cn/genre/441b06e69a0fae88,拍摄现场,撮影現場,撮影現場,撮影現場,拍摄现场,
19eba31a8e51104e.607ac1bf968abaf4.11f4a5dfe9a82b5c.66eae6651143b5e6.fbd828c9bee62594,https://avsox.website/cn/genre/19eba31a8e51104e.607ac1bf968abaf4.11f4a5dfe9a82b5c.66eae6651143b5e6.fbd828c9bee62594,拘束,拘束,拘束,拘束,拘束,
9db19d85ab041623.72b677550402954e,https://avsox.website/cn/genre/9db19d85ab041623.72b677550402954e,指法,フェラ,指マン,指マン,指法,
a33f4c2859e6936f,https://avsox.website/cn/genre/a33f4c2859e6936f,按摩,マッサージ,マッサージ,マッサージ,按摩,
b64d55c0609046eb,https://avsox.website/cn/genre/b64d55c0609046eb,振动,バイブ,Vibrator,バイブ,振动,
bf956f8674f1e785,https://avsox.website/cn/genre/bf956f8674f1e785,推荐作品,店長推薦作品,Editor's Pick,店長推薦作品,推荐作品,
239975b91de0fd20.6d6ab2fb40b6d8f9,https://avsox.website/cn/genre/239975b91de0fd20.6d6ab2fb40b6d8f9,推销,訪問販売,訪問販売,訪問販売,推销,
125e60d0ae313197,https://avsox.website/cn/genre/125e60d0ae313197,插两根,マンコ2本挿し,マンコ2本挿し,マンコ2本挿し,插两根,
e593c0d21f16b2a1,https://avsox.website/cn/genre/e593c0d21f16b2a1,搭讪,ナンパ,Pickup,ナンパ,搭讪,
9bc229f21f0863de.a38936d119a324e2,https://avsox.website/cn/genre/9bc229f21f0863de.a38936d119a324e2,摄影,撮影,撮影,撮影,摄影,
a92d7c50596474dd,https://avsox.website/cn/genre/a92d7c50596474dd,摩擦,素股,素股,素股,摩擦,
21c2ba36c6856c5d,https://avsox.website/cn/genre/21c2ba36c6856c5d,播音员,キャスター・女子アナ等,キャスター・女子アナ等,キャスター・女子アナ等,播音员,
79e7be98e81a75ac,https://avsox.website/cn/genre/79e7be98e81a75ac,敏感,敏感,敏感,敏感,敏感,
8c2cba520fd6ad35,https://avsox.website/cn/genre/8c2cba520fd6ad35,教室,教室,教室,教室,教室,
ecfabaad2be3db63.b816b718ed2a5537.ce971e2ef4afe850,https://avsox.website/cn/genre/ecfabaad2be3db63.b816b718ed2a5537.ce971e2ef4afe850,教师,インストラクター,インストラクター,インストラクター,教师,
8d22713c9fede418,https://avsox.website/cn/genre/8d22713c9fede418,散步,散歩,散歩,散歩,散步,
779f70dec4249ea4.2dbce6cd3992719b.fd586bed83ef9def.69365956b3291cc2.9ac481e1e10c1082,https://avsox.website/cn/genre/779f70dec4249ea4.2dbce6cd3992719b.fd586bed83ef9def.69365956b3291cc2.9ac481e1e10c1082,新人,新人,新人,新人,新人,
0535c7902aee0a40.fc629c32df317e32.83a37f9269e434b0,https://avsox.website/cn/genre/0535c7902aee0a40.fc629c32df317e32.83a37f9269e434b0,新婚,新婚夫婦,新婚夫婦,新婚夫婦,新婚,
d63d81a42e78a210.2839befb1fdf7368.a59cda0fd413b043,https://avsox.website/cn/genre/d63d81a42e78a210.2839befb1fdf7368.a59cda0fd413b043,新年,年間,Annual,年間,新年,
34d335cddb396ff6.45f0823f1244516b.6c2b5e46e56e365e,https://avsox.website/cn/genre/34d335cddb396ff6.45f0823f1244516b.6c2b5e46e56e365e,新手,初AV,初AV,初AV,新手,
c13d533ef83ae7d0.93ace9a479425b1c,https://avsox.website/cn/genre/c13d533ef83ae7d0.93ace9a479425b1c,旅行,旅行,旅行,旅行,旅行,
ba372020980424d9,https://avsox.website/cn/genre/ba372020980424d9,旅馆,旅館,旅館,旅館,旅馆,
ca76971d71370971.6670e1ce642bea6e,https://avsox.website/cn/genre/ca76971d71370971.6670e1ce642bea6e,无毛,パイパン,Paipan,パイパン,无毛,
1dc471d15ce374ce,https://avsox.website/cn/genre/1dc471d15ce374ce,早泄,早抜き,早抜き,早抜き,早泄,
c214f92b7be5ef91,https://avsox.website/cn/genre/c214f92b7be5ef91,明星,セレブ,セレブ,セレブ,明星,
580b000ccb8ee01b,https://avsox.website/cn/genre/580b000ccb8ee01b,晒痕,日焼け跡,日焼け跡,日焼け跡,晒痕,
70f1196cba9c4073,https://avsox.website/cn/genre/70f1196cba9c4073,晚礼服,ドレス,ドレス,ドレス,晚礼服,
36317c860d4f851d,https://avsox.website/cn/genre/36317c860d4f851d,暴露,暴露,暴露,暴露,暴露,
54fbb8e63efd6fab,https://avsox.website/cn/genre/54fbb8e63efd6fab,更衣室,脱衣所,脱衣所,脱衣所,更衣室,
80619acb55b08b82.25df27a6dd0574ec,https://avsox.website/cn/genre/80619acb55b08b82.25df27a6dd0574ec,最佳合集,ベスト、総集編,ベスト、総集編,ベスト、総集編,最佳合集,
11f46a16592b3352,https://avsox.website/cn/genre/11f46a16592b3352,朋友,友達,友達,友達,朋友,
dc08c4775e5e7da8,https://avsox.website/cn/genre/dc08c4775e5e7da8,服侍,奉仕,奉仕,奉仕,服侍,
0b83576a61310941,https://avsox.website/cn/genre/0b83576a61310941,束缚,縛り,Tied,縛り,束缚,
2e15ea6374b46ab7,https://avsox.website/cn/genre/2e15ea6374b46ab7,极小比基尼,マイクロビキニ,マイクロビキニ,マイクロビキニ,极小比基尼,
c746f0cc64f04ef0,https://avsox.website/cn/genre/c746f0cc64f04ef0,桌子,テーブル,テーブル,テーブル,桌子,
d3e9dde3e28a01ad.921fd4119833f082.5d9e9f6b70c6fd4a.4866aedbd677d92b.8c0bb1ae85f5a986,https://avsox.website/cn/genre/d3e9dde3e28a01ad.921fd4119833f082.5d9e9f6b70c6fd4a.4866aedbd677d92b.8c0bb1ae85f5a986,检查,診察,診察,診察,检查,
c6b3cc62876a6342,https://avsox.website/cn/genre/c6b3cc62876a6342,椅子,椅子,椅子,椅子,椅子,
16e9c3e8f1af31f4,https://avsox.website/cn/genre/16e9c3e8f1af31f4,楼梯,階段,階段,階段,楼梯,
e9677d1882fbdf46.604d8bdacd0383d6,https://avsox.website/cn/genre/e9677d1882fbdf46.604d8bdacd0383d6,榻榻米,畳,畳,畳,榻榻米,
3c21efc1c879b579.6aa5c06bb3d805f2.5ae04653a90b95d6.c773b51cfe481774.79bf910439282748,https://avsox.website/cn/genre/3c21efc1c879b579.6aa5c06bb3d805f2.5ae04653a90b95d6.c773b51cfe481774.79bf910439282748,模特,モデル系,Model,モデル系,模特,
e1d18eea89f414a7,https://avsox.website/cn/genre/e1d18eea89f414a7,欲求不满,欲求不満,欲求不満,欲求不満,欲求不满,
6ed7f33d16facf0c,https://avsox.website/cn/genre/6ed7f33d16facf0c,母乳,母乳,母乳,母乳,母乳,
1c90badacbe164a0.c89e6273d868807b,https://avsox.website/cn/genre/1c90badacbe164a0.c89e6273d868807b,比基尼,ビキニ,ビキニ,ビキニ,比基尼,
f4946f564d8d5755,https://avsox.website/cn/genre/f4946f564d8d5755,毛衣,セーター,セーター,セーター,毛衣,
1a1ea22773a42330,https://avsox.website/cn/genre/1a1ea22773a42330,水手服,セーラー服,Student Uniform,セーラー服,水手服,
dfc98086c89261e4,https://avsox.website/cn/genre/dfc98086c89261e4,求职,就職活動,就職活動,就職活動,求职,
fbc7a40c59d8811a.b4e7d21cc676a642,https://avsox.website/cn/genre/fbc7a40c59d8811a.b4e7d21cc676a642,沙发,ソファ,ソファ,ソファ,沙发,
9eb97f00644bfc48,https://avsox.website/cn/genre/9eb97f00644bfc48,治愈系,癒し系,Heal,癒し系,治愈系,
e2e889cdd7e9caf2,https://avsox.website/cn/genre/e2e889cdd7e9caf2,注视,目線,目線,目線,注视,
e4cb064353570e17.77f5faee22263ca6.2f3cd3142da5c4f1,https://avsox.website/cn/genre/e4cb064353570e17.77f5faee22263ca6.2f3cd3142da5c4f1,泳衣,水着,Swimsuit,水着,泳衣,
bca4a4e1c0b8a8c4.9ae8ce8163eb6956.acf4710dba3d3c1c.1854db4256d59f88,https://avsox.website/cn/genre/bca4a4e1c0b8a8c4.9ae8ce8163eb6956.acf4710dba3d3c1c.1854db4256d59f88,洗澡,風呂,風呂,風呂,洗澡,
ed636ef3335b3e28.6981cd5c349efde5.4499a687334610f0,https://avsox.website/cn/genre/ed636ef3335b3e28.6981cd5c349efde5.4499a687334610f0,浴室,ソープ,ソープ,ソープ,浴室,
c4145926405d550f.557ad6db09aea282.83ed15ccd981e11b.ec10f541bd9515a9.c8e1cd931ad1f54c,https://avsox.website/cn/genre/c4145926405d550f.557ad6db09aea282.83ed15ccd981e11b.ec10f541bd9515a9.c8e1cd931ad1f54c,浴衣和服,浴衣・着物,Kimono,浴衣・着物,浴衣和服,
bf7df9d947983139.d44b2542d207f6d8,https://avsox.website/cn/genre/bf7df9d947983139.d44b2542d207f6d8,润滑剂,ローション,ローション,ローション,润滑剂,
af86e5cad0030b14,https://avsox.website/cn/genre/af86e5cad0030b14,润滑油,全身ローション,Lotion,全身ローション,润滑油,
4edad1d7d22acb56,https://avsox.website/cn/genre/4edad1d7d22acb56,淋浴,シャワー,シャワー,シャワー,淋浴,
aa9cf03ce3709cf9,https://avsox.website/cn/genre/aa9cf03ce3709cf9,淫乱,淫乱,淫乱,淫乱,淫乱,
fa5deb7d4d1b7e2b.354257fbd775012d,https://avsox.website/cn/genre/fa5deb7d4d1b7e2b.354257fbd775012d,淫荡,マンネリ,マンネリ,マンネリ,淫荡,
428875c0f04324d6,https://avsox.website/cn/genre/428875c0f04324d6,淫語,テコキ,Dirty Talk,淫語,淫語,
6b55dae5532aff49,https://avsox.website/cn/genre/6b55dae5532aff49,淫语,淫語責め,Verbal Seduction,淫語責め,淫语,
59dacf02a52dbe88.0fdf5884c4e0d6bc,https://avsox.website/cn/genre/59dacf02a52dbe88.0fdf5884c4e0d6bc,深肤色,ギャル系,Gal,ギャル系,深肤色,
9d7b6ea54f4b9fa3,https://avsox.website/cn/genre/9d7b6ea54f4b9fa3,混血,ハーフ美女,Mixed Race,ハーフ美女,混血,
2b08108131f6ca94.b22f4a6cca7aaaac,https://avsox.website/cn/genre/2b08108131f6ca94.b22f4a6cca7aaaac,温泉,温泉,温泉,温泉,温泉,
74a9d0e356f0b5b8,https://avsox.website/cn/genre/74a9d0e356f0b5b8,游泳池,プール,プール,プール,游泳池,
73bd407530f2e2eb.2221e9c59b21545a.866994c89f451435,https://avsox.website/cn/genre/73bd407530f2e2eb.2221e9c59b21545a.866994c89f451435,潮吹,えゆの衣裳部屋,Squirt,潮吹き,潮吹,
1322da67893627b5.0708c5bd43505bc5.b8c310dd5df8b045,https://avsox.website/cn/genre/1322da67893627b5.0708c5bd43505bc5.b8c310dd5df8b045,灌入精液,精液流し込み・押込み,精液流し込み・押込み,精液流し込み・押込み,灌入精液,
0b4140a461443791,https://avsox.website/cn/genre/0b4140a461443791,灌肠,浣腸,浣腸,浣腸,灌肠,
b0193cb6a379e7e0,https://avsox.website/cn/genre/b0193cb6a379e7e0,烦恼,悩み,悩み,悩み,烦恼,
52684da660acaf23.77c402c832527013.304d27bd2f065b97.ceebeb2014ca9ddc.528ef27f8f2bcba1,https://avsox.website/cn/genre/52684da660acaf23.77c402c832527013.304d27bd2f065b97.ceebeb2014ca9ddc.528ef27f8f2bcba1,熟女,熟女/人妻,Milf,熟女/人妻,熟女,
5c612b0d38806b0a.eda02d326b8bd4a0,https://avsox.website/cn/genre/5c612b0d38806b0a.eda02d326b8bd4a0,爆乳,爆乳,爆乳,爆乳,爆乳,
93ef6738bd131dd2.f05728464d47c96b.5d827d1f15695b88,https://avsox.website/cn/genre/93ef6738bd131dd2.f05728464d47c96b.5d827d1f15695b88,爱情旅馆,ラブホ,ラブホ,ラブホ,爱情旅馆,
59507f21bd1eec44,https://avsox.website/cn/genre/59507f21bd1eec44,牛仔裤,ジーンズ,ジーンズ,ジーンズ,牛仔裤,
d6bdcdbde4a5ef79,https://avsox.website/cn/genre/d6bdcdbde4a5ef79,牢笼,鉄格子,鉄格子,鉄格子,牢笼,
794edd1f8e1a5964,https://avsox.website/cn/genre/794edd1f8e1a5964,独占动画,独占動画,独占動画,独占動画,独占动画,
0eada294fe8e974c,https://avsox.website/cn/genre/0eada294fe8e974c,猛烈,激しい,激しい,激しい,猛烈,
6dfb61299f907285,https://avsox.website/cn/genre/6dfb61299f907285,猫眼,ネコ目美人,Cat's Eyes,ネコ目美人,猫眼,
208079923c63ada8.6f72d5dc6cfe52c2.fefd55ec006772ab,https://avsox.website/cn/genre/208079923c63ada8.6f72d5dc6cfe52c2.fefd55ec006772ab,玩具,おもちゃ,おもちゃ,おもちゃ,玩具,
3c1f2ddf369ec358.8e52ec262f037d58,https://avsox.website/cn/genre/3c1f2ddf369ec358.8e52ec262f037d58,玩弄肛门,アナル玩弄,アナル玩弄,アナル玩弄,玩弄肛门,
b8b2bd826e38bb9a.54a8cfd862469945.cbbadd718b003f74.1b5c2290e07be273,https://avsox.website/cn/genre/b8b2bd826e38bb9a.54a8cfd862469945.cbbadd718b003f74.1b5c2290e07be273,电动按摩器,電マ,電マ,電マ,电动按摩器,
ce3c5e29309bd879,https://avsox.website/cn/genre/ce3c5e29309bd879,电动阳具,ローター,ローター,ローター,电动阳具,
aa652f3b63c1c619,https://avsox.website/cn/genre/aa652f3b63c1c619,电梯,エレベーター,エレベーター,エレベーター,电梯,
ca6a698b8b41f967.79aca484768bcaf2,https://avsox.website/cn/genre/ca6a698b8b41f967.79aca484768bcaf2,电话,テレフォンセックス,テレフォンセックス,テレフォンセックス,电话,
ce77d8953fe8fd05,https://avsox.website/cn/genre/ce77d8953fe8fd05,电钻,電気ドリル,電気ドリル,電気ドリル,电钻,
c34e95f000866956.15d15e84bbe7fd64,https://avsox.website/cn/genre/c34e95f000866956.15d15e84bbe7fd64,男友,元カレ,元カレ,元カレ,男友,
ce25ddc3a9caca20.8821be8432ac68c3.ecbca63eab48afcf.6b219eb66d6902f9.51265d2d38185b9b,https://avsox.website/cn/genre/ce25ddc3a9caca20.8821be8432ac68c3.ecbca63eab48afcf.6b219eb66d6902f9.51265d2d38185b9b,痉挛,全身痙攣,全身痙攣,全身痙攣,痉挛,
e7aca8167fc59065.6c5c5fdc97f69bae.a740371a1d2bbcfe.2d2586f7622f1cce.ceea4c59ac4042b4.4378b1ee5a42c0d8,https://avsox.website/cn/genre/e7aca8167fc59065.6c5c5fdc97f69bae.a740371a1d2bbcfe.2d2586f7622f1cce.ceea4c59ac4042b4.4378b1ee5a42c0d8,痴女,局部アップ,Slut,痴女,痴女,
9b8de857c1af5e17.868a421389189245,https://avsox.website/cn/genre/9b8de857c1af5e17.868a421389189245,白天,昼間,昼間,昼間,白天,
86242c430fbe643e,https://avsox.website/cn/genre/86242c430fbe643e,白领,OL,OL,OL,白领,
11e6de0cd4de5f81,https://avsox.website/cn/genre/11e6de0cd4de5f81,监禁,監禁,監禁,監禁,监禁,
07ecc940bfd5db4c.fd537601613d7c7f.e52bd5e42ab3d8ba,https://avsox.website/cn/genre/07ecc940bfd5db4c.fd537601613d7c7f.e52bd5e42ab3d8ba,看护,介護士,介護士,介護士,看护,
eae62a64bd9825a0,https://avsox.website/cn/genre/eae62a64bd9825a0,眼泪,ウラビマ太郎,urabimataro,本気泣き,眼泪,
8a819f06a43ccb39.95ba1b1285e05da0,https://avsox.website/cn/genre/8a819f06a43ccb39.95ba1b1285e05da0,眼罩,目隠し,目隠し,目隠し,眼罩,
6868b21407a4199a.ae294e9f604d0b29,https://avsox.website/cn/genre/6868b21407a4199a.ae294e9f604d0b29,眼镜,めがね,Glasses,めがね,眼镜,
91b332e17760f366,https://avsox.website/cn/genre/91b332e17760f366,睡眠系,睡眠系,睡眠系,睡眠系,睡眠系,
ad66d7f8a18ff53a,https://avsox.website/cn/genre/ad66d7f8a18ff53a,睡衣,パジャマ,Pajamas,パジャマ,睡衣,
91c7745dd1ef78d0,https://avsox.website/cn/genre/91c7745dd1ef78d0,短裤,短パン,短パン,短パン,短裤,
9d965f87570392a1,https://avsox.website/cn/genre/9d965f87570392a1,秘书,秘書,秘書,秘書,秘书,
d8ab520c27442a1d,https://avsox.website/cn/genre/d8ab520c27442a1d,秘密,秘密,秘密,秘密,秘密,
74078c8f095e3348.b4199ed26ff42778,https://avsox.website/cn/genre/74078c8f095e3348.b4199ed26ff42778,空中小姐,CA,CA,CA,空中小姐,
9d713c3ebe334540.0f765f2f33eadd7c,https://avsox.website/cn/genre/9d713c3ebe334540.0f765f2f33eadd7c,立即口交,即ハメ,Immediate Fcuk,即ハメ,立即口交,
89bab384ae4893d1.05f49bf30ab295ab.0cb8d733c100c114,https://avsox.website/cn/genre/89bab384ae4893d1.05f49bf30ab295ab.0cb8d733c100c114,站立位,駅弁,駅弁,駅弁,站立位,
6e7bb40b1d39a1b4,https://avsox.website/cn/genre/6e7bb40b1d39a1b4,站立姿势,立位,立位,立位,站立姿势,
f89dd9adf9d22ecf.978a0437e1252eec.230705f1502681b0,https://avsox.website/cn/genre/f89dd9adf9d22ecf.978a0437e1252eec.230705f1502681b0,第一视角,淫乱、ハード系,POV,ハメ撮り,第一视角,
418e0a2bedee4269,https://avsox.website/cn/genre/418e0a2bedee4269,精液流出,中出し精液抱上げ垂流し,中出し精液抱上げ垂流し,中出し精液抱上げ垂流し,精液流出,
114f626d811bcbc8,https://avsox.website/cn/genre/114f626d811bcbc8,精液涂抹,精液塗り込み,精液塗り込み,精液塗り込み,精液涂抹,
baba45da94ea2171.970cbf710f529ad8.700728ac23d7d4c8,https://avsox.website/cn/genre/baba45da94ea2171.970cbf710f529ad8.700728ac23d7d4c8,素人,素人,Amateur,素人,素人,
2fb263d9af62ebb1,https://avsox.website/cn/genre/2fb263d9af62ebb1,素颜,素顔,素顔,素顔,素颜,
1d9367cd41c0caab,https://avsox.website/cn/genre/1d9367cd41c0caab,紧身衣,レオタード,Leotard,レオタード,紧身衣,
023f6b8c322df11a.0c75cb845fbe3f48.7a3349472b7c73ad,https://avsox.website/cn/genre/023f6b8c322df11a.0c75cb845fbe3f48.7a3349472b7c73ad,约会,デート,デート,デート,约会,
bb54f223667b499e,https://avsox.website/cn/genre/bb54f223667b499e,经期,生理中,Menstruate,生理中,经期,
c948c95312a5c315.d929997a4f52cc89.abf3235bfefc1717,https://avsox.website/cn/genre/c948c95312a5c315.d929997a4f52cc89.abf3235bfefc1717,绑缚,縄,縄,縄,绑缚,
52df499568b6db29,https://avsox.website/cn/genre/52df499568b6db29,绳子,ロープ,ロープ,ロープ,绳子,
bcea88abc5a239f3.0538c98f37ebabed,https://avsox.website/cn/genre/bcea88abc5a239f3.0538c98f37ebabed,网袜,網タイツ,Net tights,網タイツ,网袜,
e631d945d435d30d.ae6aab6e0baf3fb2.e1fd98f608ec559b,https://avsox.website/cn/genre/e631d945d435d30d.ae6aab6e0baf3fb2.e1fd98f608ec559b,美乳,美乳,Pretty Tits,美乳,美乳,
ccacdfd705136a29.57480fec9f9bcdba.a4ff5956195bd724.7bdc6eb23410d792.bb036da84a6fce1f.6302e14741aa43c1.4d2487c2f8e95629,https://avsox.website/cn/genre/ccacdfd705136a29.57480fec9f9bcdba.a4ff5956195bd724.7bdc6eb23410d792.bb036da84a6fce1f.6302e14741aa43c1.4d2487c2f8e95629,美人,美女,美女,美女,美人,
26dc18a471589ff6,https://avsox.website/cn/genre/26dc18a471589ff6,美容师,エステティシャン,エステティシャン,エステティシャン,美容师,
a5fa8676d537426e.27e9de10e2f8aff3.69e870ee4842c3c4,https://avsox.website/cn/genre/a5fa8676d537426e.27e9de10e2f8aff3.69e870ee4842c3c4,美白,美白,美白,美白,美白,
324e5163d9171813,https://avsox.website/cn/genre/324e5163d9171813,美穴,美マン,Beautiful Pussy,美マン,美穴,
8a823896862822fe,https://avsox.website/cn/genre/8a823896862822fe,美肌,美肌・美白,Beautiful Skin,美肌・美白,美肌,
dc63a1b05fb6d45a.73da92b3627f0302.ada15fc9161ede20,https://avsox.website/cn/genre/dc63a1b05fb6d45a.73da92b3627f0302.ada15fc9161ede20,美腿,美脚,Sexy Legs,美脚,美腿,
9b0c98693a73d502.a15aff61d720fdab,https://avsox.website/cn/genre/9b0c98693a73d502.a15aff61d720fdab,美臀,美尻,Sweet Ass,美尻,美臀,
2fe471f20ffe6798.f05c7fc8ec6d7a73,https://avsox.website/cn/genre/2fe471f20ffe6798.f05c7fc8ec6d7a73,羞耻,破廉恥,破廉恥,破廉恥,羞耻,
a1efd3dffb052d88,https://avsox.website/cn/genre/a1efd3dffb052d88,翻白眼,白目剥き,白目剥き,白目剥き,翻白眼,
d7e1c9e1b8a3619b,https://avsox.website/cn/genre/d7e1c9e1b8a3619b,老师,先生,先生,先生,老师,
77c29af011dede0e.4cdb8d6cf0739c0c,https://avsox.website/cn/genre/77c29af011dede0e.4cdb8d6cf0739c0c,职员,キャリアウーマン,キャリアウーマン,キャリアウーマン,职员,
f0bab8da8a7d5b9c.818a4f4a61352431.0ffece746d2c6efd,https://avsox.website/cn/genre/f0bab8da8a7d5b9c.818a4f4a61352431.0ffece746d2c6efd,肛交,アナルバック,アナルバック,アナルバック,肛交,
573f5bbd7c018071,https://avsox.website/cn/genre/573f5bbd7c018071,肛射,アナル中出し,アナル中出し,アナル中出し,肛射,
c9301289712fa5a7.5db45adc9734dd6d,https://avsox.website/cn/genre/c9301289712fa5a7.5db45adc9734dd6d,肛门,アナル,Anal,アナル,肛门,
269774848c04bed5.5c630ce8a6ce8841.3929c976aab05593,https://avsox.website/cn/genre/269774848c04bed5.5c630ce8a6ce8841.3929c976aab05593,自慰,えゆの衣裳部屋,Masterbation,オナニー,自慰,
6957717cc5ac440a,https://avsox.website/cn/genre/6957717cc5ac440a,舌头,舌,舌,舌,舌头,
9fc2c30ac2c63384,https://avsox.website/cn/genre/9fc2c30ac2c63384,舔耳朵,男が女の耳を舐める,男が女の耳を舐める,男が女の耳を舐める,舔耳朵,
5cd7b799c58632a8.0a32b31460f31ccd.a6d918ced92afb0b.64ae12bf7a2033bf,https://avsox.website/cn/genre/5cd7b799c58632a8.0a32b31460f31ccd.a6d918ced92afb0b.64ae12bf7a2033bf,舔肛,アナルなめ,アナルなめ,アナルなめ,舔肛,
d854f94bce321a23,https://avsox.website/cn/genre/d854f94bce321a23,舔脚,男の足舐め,男の足舐め,男の足舐め,舔脚,
3d0d8921ebbf9445.cc31aa3e6bcc58c2,https://avsox.website/cn/genre/3d0d8921ebbf9445.cc31aa3e6bcc58c2,舔蛋蛋,タマ舐め,タマ舐め,タマ舐め,舔蛋蛋,
194d30fd711e897b,https://avsox.website/cn/genre/194d30fd711e897b,舔阴,Soft sex,Cunnilingus,クンニ,舔阴,
3e2e0909ce93fb34.21761aef766ff6eb,https://avsox.website/cn/genre/3e2e0909ce93fb34.21761aef766ff6eb,色狼,痴漢,Pervert,痴漢,色狼,
ce53dfd4157de35c.1e01b1478d458d94.8678422e1062f52c,https://avsox.website/cn/genre/ce53dfd4157de35c.1e01b1478d458d94.8678422e1062f52c,苗条,ストリップ,Slender,スレンダー,苗条,
6387ceb8946b83c3.52cfca0f7d6665e6.5289db70326ab755.278f0059c6ba9d8b.aa52ae9f91c5c49a.3bc2bb5fe2e38989,https://avsox.website/cn/genre/6387ceb8946b83c3.52cfca0f7d6665e6.5289db70326ab755.278f0059c6ba9d8b.aa52ae9f91c5c49a.3bc2bb5fe2e38989,萝莉,ロリ,Loli,ロリ,萝莉,
9f786090f15c446d,https://avsox.website/cn/genre/9f786090f15c446d,虎牙,八重歯,八重歯,八重歯,虎牙,
e96ab0f966699066,https://avsox.website/cn/genre/e96ab0f966699066,蜡烛,蝋燭,蝋燭,蝋燭,蜡烛,
9cac2084cbb92caf.115da76173746042,https://avsox.website/cn/genre/9cac2084cbb92caf.115da76173746042,裙子,パンチラ,パンチラ,パンチラ,裙子,
3d1b5e088d31d37d,https://avsox.website/cn/genre/3d1b5e088d31d37d,裸体袜子,裸ソックス,Socks on Naked Body,裸ソックス,裸体袜子,
fdf3210612fe509d,https://avsox.website/cn/genre/fdf3210612fe509d,视讯小姐,デリヘル嬢,デリヘル嬢,デリヘル嬢,视讯小姐,
9367d81b02786cfd.10e0e71f0015dad2,https://avsox.website/cn/genre/9367d81b02786cfd.10e0e71f0015dad2,角色扮演,えゆの衣裳部屋,Cosplay,コスプレ,角色扮演,
d492739bb5277d3c,https://avsox.website/cn/genre/d492739bb5277d3c,警察,ミニスカポリス,Police,ミニスカポリス,警察,
d19187791d2e25fb,https://avsox.website/cn/genre/d19187791d2e25fb,访问,訪問,訪問,訪問,访问,
f3dcb526ec22c5e8,https://avsox.website/cn/genre/f3dcb526ec22c5e8,诱惑,誘惑,誘惑,誘惑,诱惑,
8ca70aac21a418c6,https://avsox.website/cn/genre/8ca70aac21a418c6,调教,調教,調教,調教,调教,
4640a4fd3f5b86d4,https://avsox.website/cn/genre/4640a4fd3f5b86d4,购物,買い物,買い物,買い物,购物,
e2ae4105278002da,https://avsox.website/cn/genre/e2ae4105278002da,超VIP,超VIP,SVIP,超VIP,超VIP,
6b05124daa9e1ce1,https://avsox.website/cn/genre/6b05124daa9e1ce1,足交,足コキ,足コキ,足コキ,足交,
90d108f855b1bcd3,https://avsox.website/cn/genre/90d108f855b1bcd3,跪求,土下座,土下座,土下座,跪求,
34473f6ba0b13d35.a4b302dde2f1bd15,https://avsox.website/cn/genre/34473f6ba0b13d35.a4b302dde2f1bd15,踩踏,踏みつけ,踏みつけ,踏みつけ,踩踏,
b0eaad139052cec8,https://avsox.website/cn/genre/b0eaad139052cec8,车,車,車,車,车,
37f8097eaf72272f.bebacb34ed35ca4c.8f7bffd8841fa2ee,https://avsox.website/cn/genre/37f8097eaf72272f.bebacb34ed35ca4c.8f7bffd8841fa2ee,车内,車内,車内,車内,车内,
0c65c5db6063e967,https://avsox.website/cn/genre/0c65c5db6063e967,车震,カーセックス,Car Sex,カーセックス,车震,
7f956d3f3150292b.33f62dd9ad39f6e4.9dddacced4fc8b69,https://avsox.website/cn/genre/7f956d3f3150292b.33f62dd9ad39f6e4.9dddacced4fc8b69,轮奸,HiGe-BU,HiGe-bu,輪姦中出し,轮奸,
5b3fac1ce1d7796d.b3634d6678a25f86,https://avsox.website/cn/genre/5b3fac1ce1d7796d.b3634d6678a25f86,软体,軟体,軟体,軟体,软体,
137d5a77478f724c,https://avsox.website/cn/genre/137d5a77478f724c,辣妹,ギャル,Gal,ギャル,辣妹,
bde5d721a8538eb6.0c64caf0e0803ba5,https://avsox.website/cn/genre/bde5d721a8538eb6.0c64caf0e0803ba5,远程操作,遠隔操作,遠隔操作,遠隔操作,远程操作,
2dd7c52a35d1d28e.24f7bd5c686ba554.f931a87b9ed0d79f.dfcca13f86bdfd24.e89ce779ae79ddd9,https://avsox.website/cn/genre/2dd7c52a35d1d28e.24f7bd5c686ba554.f931a87b9ed0d79f.dfcca13f86bdfd24.e89ce779ae79ddd9,连续内射,連続中出し,連続中出し,連続中出し,连续内射,
621f7aa4b1d6d626,https://avsox.website/cn/genre/621f7aa4b1d6d626,连衣裙,ワンピース,ワンピース,ワンピース,连衣裙,
4d1ca97113e6dd50.965a6afd9412896f.4c8a2d62df5bd236,https://avsox.website/cn/genre/4d1ca97113e6dd50.965a6afd9412896f.4c8a2d62df5bd236,连裤袜,テコキ,フェチ,ストッキング,连裤袜,
42922345e53f9818.8e7f7236d2f58659,https://avsox.website/cn/genre/42922345e53f9818.8e7f7236d2f58659,迷你裙,ミニスカート,ミニスカート,ミニスカート,迷你裙,
155d5d5bba621d46,https://avsox.website/cn/genre/155d5d5bba621d46,送货上门,宅配,宅配,宅配,送货上门,
b92082aa6a4093d6,https://avsox.website/cn/genre/b92082aa6a4093d6,通奸,不倫,不倫,不倫,通奸,
9dc4693a516cdb6a,https://avsox.website/cn/genre/9dc4693a516cdb6a,邻居,ご近所,ご近所,ご近所,邻居,
8936c2135b834533,https://avsox.website/cn/genre/8936c2135b834533,酒店,ホテル,ホテル,ホテル,酒店,
7f4e92b7d5e3668e.58fae56fc44e4067.a15808ba0d3adc77,https://avsox.website/cn/genre/7f4e92b7d5e3668e.58fae56fc44e4067.a15808ba0d3adc77,野外,野外,野外,野外,野外,
c83fa051aee5fc31.1e81e7754b8fe47a,https://avsox.website/cn/genre/c83fa051aee5fc31.1e81e7754b8fe47a,长发,黒髪ロング,黒髪ロング,黒髪ロング,长发,
759c994fd3bbd961,https://avsox.website/cn/genre/759c994fd3bbd961,门口,玄関,玄関,玄関,门口,
0e8546fa23057a3a,https://avsox.website/cn/genre/0e8546fa23057a3a,问卷,アンケート,アンケート,アンケート,问卷,
5dc856cb63046815,https://avsox.website/cn/genre/5dc856cb63046815,问题,質問,質問,質問,问题,
ad81845a38967c54.eabea58cd0708a93,https://avsox.website/cn/genre/ad81845a38967c54.eabea58cd0708a93,阳具腰带,ペニパン,ペニパン,ペニパン,阳具腰带,
ceebf03909972d9a,https://avsox.website/cn/genre/ceebf03909972d9a,阳台,痴女,ベランダ,ベランダ,阳台,
fbbc8a594994e114.889522e3270cd8b3,https://avsox.website/cn/genre/fbbc8a594994e114.889522e3270cd8b3,阴屁,マン屁,マン屁,マン屁,阴屁,
ac9ff55c75621ad0,https://avsox.website/cn/genre/ac9ff55c75621ad0,阴道扩张,クスコ開帳,クスコ開帳,クスコ開帳,阴道扩张,
55ce5947f5aaa332,https://avsox.website/cn/genre/55ce5947f5aaa332,阴道放入食物,マンコに食物入れ,マンコに食物入れ,マンコに食物入れ,阴道放入食物,
e0f77a87ff33596c.c9715ef53f8c8c5e.3cb6303c1be95231,https://avsox.website/cn/genre/e0f77a87ff33596c.c9715ef53f8c8c5e.3cb6303c1be95231,阴道观察,クスコ膣内見せ,クスコ膣内見せ,クスコ膣内見せ,阴道观察,
413099ac7f2ce45e,https://avsox.website/cn/genre/413099ac7f2ce45e,附近,近所,近所,近所,附近,
e619cc4e48c8cc20.f6d35ab18a708657.25eac8d34ce07a91,https://avsox.website/cn/genre/e619cc4e48c8cc20.f6d35ab18a708657.25eac8d34ce07a91,露出,野外露出,Exhibition,野外露出,露出,
780a3c8e48b202ce,https://avsox.website/cn/genre/780a3c8e48b202ce,面具,仮面,仮面,仮面,面具,
b89a94154b8214b4,https://avsox.website/cn/genre/b89a94154b8214b4,面具男,覆面男（マスク含）,覆面男（マスク含）,覆面男（マスク含）,面具男,
6ed4c51058cfae58.9139e9a22884abaa,https://avsox.website/cn/genre/6ed4c51058cfae58.9139e9a22884abaa,面试,面接,面接,面接,面试,
45dd775797080f24,https://avsox.website/cn/genre/45dd775797080f24,鞭打,鞭,鞭,鞭,鞭打,
6261d527a8155e4e,https://avsox.website/cn/genre/6261d527a8155e4e,项圈,ティーン,Teens,首輪,项圈,
920c9a507dc38610,https://avsox.website/cn/genre/920c9a507dc38610,顺从,おしとやか・何でもイイナリ,Quiet / Obedient,おしとやか・何でもイイナリ,顺从,
d897725af1e1bb9b,https://avsox.website/cn/genre/d897725af1e1bb9b,颈链,首かせ,choker,首かせ,颈链,
bfcaa1b424700e19.146cb814900f6b36.5320c6e93f5f16d6.2469223f38900293,https://avsox.website/cn/genre/bfcaa1b424700e19.146cb814900f6b36.5320c6e93f5f16d6.2469223f38900293,颜射,顔射,Cum-on-Face,顔射,颜射,
41649f24fb1eedd4,https://avsox.website/cn/genre/41649f24fb1eedd4,风格出众,スタイル抜群,スタイル抜群,スタイル抜群,风格出众,
4fb4e70c595ecd77.2efcc0a03bfa0f8c.e006aeab06b23d42,https://avsox.website/cn/genre/4fb4e70c595ecd77.2efcc0a03bfa0f8c.e006aeab06b23d42,首次,初裏,Debut,初裏,首次,
66022b7030b6024f,https://avsox.website/cn/genre/66022b7030b6024f,首次作品,初裏作品,初裏作品,初裏作品,首次作品,
d266f1dbbfa14864,https://avsox.website/cn/genre/d266f1dbbfa14864,首次内射,人生初中出し,人生初中出し,人生初中出し,首次内射,
eba7fa45f5b28c35,https://avsox.website/cn/genre/eba7fa45f5b28c35,首次肛交,アナル処女強奪,アナル処女強奪,アナル処女強奪,首次肛交,
aa519b735e04e301.4e31d0cf5b53cf64.0ce8774102c6d68c,https://avsox.website/cn/genre/aa519b735e04e301.4e31d0cf5b53cf64.0ce8774102c6d68c,骑乘位,初代令和ブラザーズ,騎乗位,騎乗位,骑乘位,
4d0aa1f27ee6abd3,https://avsox.website/cn/genre/4d0aa1f27ee6abd3,骑乘内射,騎乗位中出し,騎乗位中出し,騎乗位中出し,骑乘内射,
c14e64bf5a834c44.9aac826bbfb219f8,https://avsox.website/cn/genre/c14e64bf5a834c44.9aac826bbfb219f8,骑在脸上,顔面騎乗,顔面騎乗,顔面騎乗,骑在脸上,
927de6f12d1523db,https://avsox.website/cn/genre/927de6f12d1523db,骗奸,騙姦,騙姦,騙姦,骗奸,
6cb2e658508e1c2e.c4a6fbb74b32335a,https://avsox.website/cn/genre/6cb2e658508e1c2e.c4a6fbb74b32335a,高个子,長身,Tall,長身,高个子,
b68ddb2a2623e0cc,https://avsox.website/cn/genre/b68ddb2a2623e0cc,高手,タレント,タレント,タレント,高手,
f08bfd4645689f20.2d96c2dfb81511cd,https://avsox.website/cn/genre/f08bfd4645689f20.2d96c2dfb81511cd,高潮,アクメ,アクメ,アクメ,高潮,
01f26f7a98906878,https://avsox.website/cn/genre/01f26f7a98906878,鬼混,ピチピチ,ピチピチ,ピチピチ,鬼混,
c6075b2c2a061b5f,https://avsox.website/cn/genre/c6075b2c2a061b5f,魔女,魔女,魔女,魔女,魔女,
130a4109f4798852.fe4d340d38652310,https://avsox.website/cn/genre/130a4109f4798852.fe4d340d38652310,鸭嘴,クスコ,Cusco,クスコ,鸭嘴,
8db569e69b30118c.6bae67715d3002c5,https://avsox.website/cn/genre/8db569e69b30118c.6bae67715d3002c5,黑人,黒人とSEX,黒人とSEX,黒人とSEX,黑人,
186e965d332a9cd5,https://avsox.website/cn/genre/186e965d332a9cd5,黑发,黒髪,Black Hair,黒髪,黑发,
