id,url,zh_tw,en,translate,note
tags?c7=161,https://javdb521.com/tags?c7=161,16小時以上作品,Over 16 hours,16小时以上作品,
uncensored?c2=18,https://javdb521.com/tags/uncensored?c2=18,1v1性交,Hardcore Fuck,1v1性交,
uncensored?c5=133,https://javdb521.com/tags/uncensored?c5=133,2018暢銷Top100,Fiscal 2018 selling top 100,2018暢銷Top100,
tags?c7=227,https://javdb521.com/tags?c7=227,3D,3D,3D,
uncensored?c2=30,https://javdb521.com/tags/uncensored?c2=30,3P,3P,3P,
western?c2=20,https://javdb521.com/tags/western?c2=20,3P,Threesome,3P,
tags?c7=347,https://javdb521.com/tags?c7=347,4K,4K,4K,
western?c2=34,https://javdb521.com/tags/western?c2=34,4P,Foursome,4P,
tags?c7=10,https://javdb521.com/tags?c7=10,4小時以上作品,4HR+,4小时以上作品,
tags?c5=25,https://javdb521.com/tags?c5=25,69,69,69,
uncensored?c2=135,https://javdb521.com/tags/uncensored?c2=135,69,69,69,
western?c2=12,https://javdb521.com/tags/western?c2=12,69,69,69,
tags?c3=297,https://javdb521.com/tags?c3=297,COSPLAY服飾,Cosplay Costumes,Cosplay,
uncensored?c5=131,https://javdb521.com/tags/uncensored?c5=131,DVD已售罄,DVD is being sold out!,DVD已售罄,
tags?c7=335,https://javdb521.com/tags?c7=335,HDTV,HD DVD,HDTV,
uncensored?c3=86,https://javdb521.com/tags/uncensored?c3=86,M女,M woman,M女,
uncensored?c2=22,https://javdb521.com/tags/uncensored?c2=22,M字開腿,M-leg,M字開腿,
tags?c1=63,https://javdb521.com/tags?c1=63,M男,Submissive Men,M男,
uncensored?c3=61,https://javdb521.com/tags/uncensored?c3=61,M男,Strap-M man Trombone,M男,
tags?c3=114,https://javdb521.com/tags?c3=114,OL,OL,OL,
uncensored?c4=98,https://javdb521.com/tags/uncensored?c4=98,OL,OL,OL,
tags?c7=311,https://javdb521.com/tags?c7=311,R-15,R-15,R-15,
tags?c6=60,https://javdb521.com/tags?c6=60,SM,SM,SM,
western?c0=119,https://javdb521.com/tags/western?c0=119,SM,SM,SM,
tags?c7=212,https://javdb521.com/tags?c7=212,VR,VR,VR,
tags?c5=374,https://javdb521.com/tags?c5=374,不穿內褲,No underwear,不穿内裤,
tags?c5=375,https://javdb521.com/tags?c5=375,不穿胸罩,No bra,不穿胸罩,
tags?c5=18,https://javdb521.com/tags?c5=18,中出,Creampie,中出,
uncensored?c2=9,https://javdb521.com/tags/uncensored?c2=9,中出,Creampie,中出,
tags?c7=148,https://javdb521.com/tags?c7=148,主觀視角,Subjectivity,主观视角,
tags?c5=14,https://javdb521.com/tags?c5=14,乳交,Titty Fuck,乳交,
uncensored?c2=43,https://javdb521.com/tags/uncensored?c2=43,乳交,Boobsjob,乳交,
western?c2=18,https://javdb521.com/tags/western?c2=18,乳交,Titty Fuck,乳交,
tags?c6=71,https://javdb521.com/tags?c6=71,乳液,Lotion,乳汁,
uncensored?c2=15,https://javdb521.com/tags/uncensored?c2=15,乳液,Complementary massage,乳汁,
tags?c6=353,https://javdb521.com/tags?c6=353,乳釘、穿孔、乳環,"Nipple, Piercing, Nipple Ring",乳钉、乳环,
tags?c1=54,https://javdb521.com/tags?c1=54,亂倫,Insult,乱伦,
uncensored?c2=56,https://javdb521.com/tags/uncensored?c2=56,亂倫,Incest,乱伦,
tags?c5=342,https://javdb521.com/tags?c5=342,二穴同入,Fit two holes,二穴同时插入,
uncensored?c2=10,https://javdb521.com/tags/uncensored?c2=10,二穴同插,Double Penetration,二穴同插,
tags?c1=316,https://javdb521.com/tags?c1=316,亞洲,Asian,亚洲,
western?c0=75,https://javdb521.com/tags/western?c0=75,亞洲人,Asian,亞洲人,
tags?c2=282,https://javdb521.com/tags?c2=282,亞洲女演員,Other Asian,亚洲女演员,
uncensored?c3=87,https://javdb521.com/tags/uncensored?c3=87,人妻,Married woman,人妻,
uncensored?c5=117,https://javdb521.com/tags/uncensored?c5=117,人氣標題,Popular title,人氣標題,
western?c0=178,https://javdb521.com/tags/western?c0=178,人體彩繪,Body Painting,人體彩繪,
tags?c7=26,https://javdb521.com/tags?c7=26,介紹影片,Image Video,介绍影片,
tags?c1=86,https://javdb521.com/tags?c1=86,企畫,Planning,企画,
tags?c2=233,https://javdb521.com/tags?c2=233,伴侶,Companion,伴侣,
western?c0=284,https://javdb521.com/tags/western?c0=284,俄國人,Russian,俄國人,
western?c0=197,https://javdb521.com/tags/western?c0=197,保姆,Babysitter,保姆,
western?c1=103,https://javdb521.com/tags/western?c1=103,修剪的陰毛,Trimmed Pussy,修剪的陰毛,
tags?c3=270,https://javdb521.com/tags?c3=270,修女,Nun,修女,
western?c2=10,https://javdb521.com/tags/western?c2=10,俯臥後入式,Prone Bone,俯臥後入式,
tags?c1=130,https://javdb521.com/tags?c1=130,倒追,Reserved Role,倒追,
tags?c6=372,https://javdb521.com/tags?c6=372,假陽具,Dildo,假陽具,
uncensored?c2=63,https://javdb521.com/tags/uncensored?c2=63,假陽具,Dildo,假陽具,
western?c4=112,https://javdb521.com/tags/western?c4=112,停車場,Parking Lot,停車場,
western?c2=16,https://javdb521.com/tags/western?c2=16,側躺後入,Spooning,側躺後入,
tags?c2=32,https://javdb521.com/tags?c2=32,偶像,Idol,偶像,
tags?c1=145,https://javdb521.com/tags?c1=145,偷窺,Voyeur,偷窥,
tags?c1=293,https://javdb521.com/tags?c1=293,偷窺,Peeping,偷窥,
uncensored?c2=138,https://javdb521.com/tags/uncensored?c2=138,偷窺,Voyeurism,偷窥,
western?c2=49,https://javdb521.com/tags/western?c2=49,偷窺,Voyeur,偷窥,
tags?c6=176,https://javdb521.com/tags?c6=176,催眠,Hypnosis,催眠,
western?c2=79,https://javdb521.com/tags/western?c2=79,傳教剪刀式,Splitter,傳教剪刀式,
western?c2=9,https://javdb521.com/tags/western?c2=9,傳教士,Missionary,傳教士,
tags?c3=216,https://javdb521.com/tags?c3=216,兔女郎,Bunny Girl,兔女郎,
western?c2=17,https://javdb521.com/tags/western?c2=17,內射,Creampie,內射,
tags?c3=49,https://javdb521.com/tags?c3=49,內衣,Lingerie,内衣,
western?c3=164,https://javdb521.com/tags/western?c3=164,內褲,Briefs,內褲,
tags?c1=218,https://javdb521.com/tags?c1=218,全裸,Nude,全裸,
tags?c5=354,https://javdb521.com/tags?c5=354,兩女一男,FFM,兩女一男,
western?c2=35,https://javdb521.com/tags/western?c2=35,兩女一男,FFM,兩女一男,
tags?c5=356,https://javdb521.com/tags?c5=356,兩男一女,MMF,兩男一女,
western?c2=27,https://javdb521.com/tags/western?c2=27,兩男一女,MMF,兩男一女,
tags?c5=355,https://javdb521.com/tags?c5=355,兩男兩女,MMFF,兩男兩女,
western?c2=32,https://javdb521.com/tags/western?c2=32,兩男兩女,MMFF,兩男兩女,
tags?c2=264,https://javdb521.com/tags?c2=264,公主,Princess,公主,
uncensored?c2=54,https://javdb521.com/tags/uncensored?c2=54,公共場所,In public places ...,公共場所,
western?c4=177,https://javdb521.com/tags/western?c4=177,公園,Park,公園,
tags?c7=381,https://javdb521.com/tags?c7=381,共演,Co-act,共演,
uncensored?c2=141,https://javdb521.com/tags/uncensored?c2=141,其他,Otherwise,其他,
western?c6=170,https://javdb521.com/tags/western?c6=170,其他,Other,其他,
tags?c2=163,https://javdb521.com/tags?c2=163,其他學生,Other Students,其他学生,
tags?c1=2,https://javdb521.com/tags?c1=2,其他戀物癖,Other Fetish,其他恋物癖,
tags?c7=284,https://javdb521.com/tags?c7=284,冒險,Adventure,冒险,
tags?c6=21,https://javdb521.com/tags?c6=21,凌辱,Abuse,凌辱,
tags?c1=51,https://javdb521.com/tags?c1=51,出軌,Affair,出轨,
uncensored?c2=55,https://javdb521.com/tags/uncensored?c2=55,出軌,Adultery,出轨,
tags?c3=58,https://javdb521.com/tags?c3=58,制服,Uniform,制服,
western?c3=86,https://javdb521.com/tags/western?c3=86,制服,Uniform,制服,
tags?c3=4,https://javdb521.com/tags?c3=4,制服外套,Blazer,制服外套,
tags?c1=344,https://javdb521.com/tags?c1=344,刺青紋身,Tattoos,刺青纹身,
tags?c5=340,https://javdb521.com/tags?c5=340,剃毛,Shave,剃毛,
western?c2=22,https://javdb521.com/tags/western?c2=22,前吞後入,Spit Roast,前吞後入,
western?c4=182,https://javdb521.com/tags/western?c4=182,劇院,Theater,劇院,
uncensored?c5=123,https://javdb521.com/tags/uncensored?c5=123,動漫,Anime,動漫,
tags?c3=230,https://javdb521.com/tags?c3=230,動畫人物,Anime Characters,动画人物,
western?c1=94,https://javdb521.com/tags/western?c1=94,勻稱身材,Average Body,勻稱身材,
uncensored?c2=59,https://javdb521.com/tags/uncensored?c2=59,南國度假地,In tropical resort ...,南國度假地,
tags?c7=238,https://javdb521.com/tags?c7=238,原作改編,Original Collaboration,原作改編,
tags?c7=117,https://javdb521.com/tags?c7=117,去背影片,Chroma Key,绿幕片,从JavLibrary得知日文原文'クロマキー'，是指使用绿幕等抠图然后合成的技术，专业术语'色键'不如'绿幕'好理解
tags?c1=305,https://javdb521.com/tags?c1=305,友誼,Friendship,友谊,
tags?c5=72,https://javdb521.com/tags?c5=72,口交,Blow,口交,
uncensored?c2=66,https://javdb521.com/tags/uncensored?c2=66,口交,Blowjob,口交,
western?c2=4,https://javdb521.com/tags/western?c2=4,口交,Blowjob,口交,
uncensored?c2=46,https://javdb521.com/tags/uncensored?c2=46,口塞,Gag (gag),口塞,
western?c2=191,https://javdb521.com/tags/western?c2=191,口塞器,Ball Gag,口塞器,
uncensored?c2=143,https://javdb521.com/tags/uncensored?c2=143,口爆,Cum Eating,口爆,
uncensored?c2=49,https://javdb521.com/tags/uncensored?c2=49,口爆/吞精,Cum Eating / Cum,口爆/吞精,
tags?c6=357,https://javdb521.com/tags?c6=357,口球,Mouth Gag,口球,
tags?c2=47,https://javdb521.com/tags?c2=47,各種職業,Various Professions,各种职业,
western?c3=59,https://javdb521.com/tags/western?c3=59,吊帶,Suspenders,吊帶,
western?c3=134,https://javdb521.com/tags/western?c3=134,吊襪腰帶,Garter Belt,吊襪腰帶,
tags?c5=81,https://javdb521.com/tags?c5=81,吞精,Cum,吞精,
western?c2=120,https://javdb521.com/tags/western?c2=120,吞精,Swallow,吞精,
uncensored?c3=69,https://javdb521.com/tags/uncensored?c3=69,和服,Kimono,和服,
tags?c3=95,https://javdb521.com/tags?c3=95,和服，喪服,"Kimono, Mourning",和服?丧服,
tags?c6=350,https://javdb521.com/tags?c6=350,唾液敷面,Saliva face licking,唾液敷面,
uncensored?c3=290,https://javdb521.com/tags/uncensored?c3=290,單純,Beginner (novice),單純,
tags?c7=28,https://javdb521.com/tags?c7=28,單體作品,Solowork,單體作品,
western?c5=141,https://javdb521.com/tags/western?c5=141,囚犯,Prisoner,囚犯,
tags?c7=9,https://javdb521.com/tags?c7=9,國外進口,Oversea Import,国外进口,
western?c4=181,https://javdb521.com/tags/western?c4=181,圖書館,Library,圖書館,
uncensored?c2=60,https://javdb521.com/tags/uncensored?c2=60,在他人面前,In front of the others,在他人面前,
tags?c5=24,https://javdb521.com/tags?c5=24,多P,"3p, 4p",多P,
tags?c4=388,https://javdb521.com/tags?c4=388,多毛,Hairy,多毛,
western?c2=45,https://javdb521.com/tags/western?c2=45,多男對一女,Gangbang,多男對一女,
tags?c2=105,https://javdb521.com/tags?c2=105,大小姐,Miss,大小姐,
tags?c4=131,https://javdb521.com/tags?c4=131,大屁股,Huge Butt,巨尻,
western?c1=37,https://javdb521.com/tags/western?c1=37,大屁股,Big ass,大屁股,
western?c1=198,https://javdb521.com/tags/western?c1=198,大號美女,BBW,大號美女,
western?c1=50,https://javdb521.com/tags/western?c1=50,大陰莖,Big Cock,大陰莖,
tags?c1=323,https://javdb521.com/tags?c1=323,天賦,Talent,,仅有一部影片，而且很难从字面理解
uncensored?c3=79,https://javdb521.com/tags/uncensored?c3=79,太太,Madame,太太,
western?c3=153,https://javdb521.com/tags/western?c3=153,太陽鏡,Sun Glasses,太陽鏡,
tags?c6=369,https://javdb521.com/tags?c6=369,夫妻交換,Couple exchange,夫妻交換,
tags?c1=244,https://javdb521.com/tags?c1=244,奇異的,Bizarre,猎奇,
western?c0=82,https://javdb521.com/tags/western?c0=82,奇聞趣事,Gonzo,奇聞趣事,
uncensored?c2=35,https://javdb521.com/tags/uncensored?c2=35,奧斯曼株式會社,"Pussy Development Co., Ltd.",奧斯曼株式會社,
tags?c5=37,https://javdb521.com/tags?c5=37,女上位,Cowgirl,女上位,
tags?c2=153,https://javdb521.com/tags?c2=153,女主播,Anchorwoman,女主播,
uncensored?c4=110,https://javdb521.com/tags/uncensored?c4=110,女主角,Heroine,女主角,
tags?c3=113,https://javdb521.com/tags?c3=113,女傭,Maid,女佣,
uncensored?c4=100,https://javdb521.com/tags/uncensored?c4=100,女傭,Maid,女佣,
western?c5=137,https://javdb521.com/tags/western?c5=137,女傭,Maid,女佣,
tags?c6=90,https://javdb521.com/tags?c6=90,女優按摩棒,Electric Massager,女优按摩棒,
tags?c2=245,https://javdb521.com/tags?c2=245,女兒,Daughter,女儿,
western?c5=486,https://javdb521.com/tags/western?c5=486,女友,Girlfriend,女友,
tags?c1=64,https://javdb521.com/tags?c1=64,女同性戀,Lesbian,女同性恋,
uncensored?c2=12,https://javdb521.com/tags/uncensored?c2=12,女同性戀,lesbian,女同性恋,
western?c0=57,https://javdb521.com/tags/western?c0=57,女同性戀,Lesbian,女同性恋,
tags?c1=132,https://javdb521.com/tags?c1=132,女同接吻,Lesbian Kiss,女同接吻,
western?c5=157,https://javdb521.com/tags/western?c5=157,女商人,Business Woman,女商人,
tags?c2=30,https://javdb521.com/tags?c2=30,女大學生,College Students,女大学生,
uncensored?c3=150,https://javdb521.com/tags/uncensored?c3=150,女大學生,College student girl,女大学生,
uncensored?c4=144,https://javdb521.com/tags/uncensored?c4=144,女子高生製服,Schoolgirl uniforms,女子高生製服,
uncensored?c3=147,https://javdb521.com/tags/uncensored?c3=147,女學生,Schoolgirl,女學生,
western?c5=143,https://javdb521.com/tags/western?c5=143,女學生,School Girl,女學生,
tags?c3=96,https://javdb521.com/tags?c3=96,女忍者,Female Ninja,女忍者,
tags?c3=151,https://javdb521.com/tags?c3=151,女戰士,Female Warrior,女战士,
western?c5=144,https://javdb521.com/tags/western?c5=144,女戰士,Soldier Girl,女战士,
western?c5=123,https://javdb521.com/tags/western?c5=123,女抖S,Dominatrix,女抖S,
tags?c2=158,https://javdb521.com/tags?c2=158,女教師,Female Teacher,女教师,
uncensored?c4=112,https://javdb521.com/tags/uncensored?c4=112,女教師,Female teacher,女教师,
western?c5=147,https://javdb521.com/tags/western?c5=147,女服務員,Waitress,女服務員,
tags?c2=201,https://javdb521.com/tags?c2=201,女檢察官,Female Investigator,女检察官,
tags?c2=384,https://javdb521.com/tags?c2=384,女王,Queen,女王,
western?c5=487,https://javdb521.com/tags/western?c5=487,女神,Goddess,女神,
tags?c3=223,https://javdb521.com/tags?c3=223,女祭司,Priestess,女祭司,
western?c5=135,https://javdb521.com/tags/western?c5=135,女童子軍,Girl Scout,女童子軍,
tags?c3=192,https://javdb521.com/tags?c3=192,女裝人妖,Cross Dressing,女装人妖,
tags?c2=142,https://javdb521.com/tags?c2=142,女醫生,Female Doctor,女医生,
uncensored?c4=103,https://javdb521.com/tags/uncensored?c4=103,女醫生,Woman doctor,女医生,
uncensored?c2=36,https://javdb521.com/tags/uncensored?c2=36,女體料理,Lady body cuisine,女體料理,
tags?c1=149,https://javdb521.com/tags?c1=149,奴隸,Slave,奴隶,
tags?c1=34,https://javdb521.com/tags?c1=34,妄想,Delusion,妄想,
uncensored?c2=293,https://javdb521.com/tags/uncensored?c2=293,妊娠,Pregnancy,妊娠,
tags?c2=70,https://javdb521.com/tags?c2=70,妓女,Prostitutes,妓女,
tags?c2=139,https://javdb521.com/tags?c2=139,妹妹,Sister,妹妹,
western?c5=127,https://javdb521.com/tags/western?c5=127,妻子,Wife,妻子,
tags?c2=44,https://javdb521.com/tags?c2=44,姐姐,Older Sister,姐姐,
uncensored?c3=148,https://javdb521.com/tags/uncensored?c3=148,姐姐,Sister,姐姐,
tags?c3=181,https://javdb521.com/tags?c3=181,娃娃,Doll,娃娃,
tags?c2=16,https://javdb521.com/tags?c2=16,婆婆,Stepmother,婆婆,
western?c0=106,https://javdb521.com/tags/western?c0=106,婚禮,Wedding,婚禮,
uncensored?c4=101,https://javdb521.com/tags/uncensored?c4=101,婚紗禮服,Wedding dress,婚紗禮服,
western?c5=114,https://javdb521.com/tags/western?c5=114,媽媽,Mom,媽媽,
tags?c2=377,https://javdb521.com/tags?c2=377,媽媽的朋友,Moms friend,媽媽的朋友,
tags?c6=232,https://javdb521.com/tags?c6=232,子宮頸,Cervix,子宫颈,
tags?c4=92,https://javdb521.com/tags?c4=92,孕婦,Pregnant Woman,孕妇,
western?c4=85,https://javdb521.com/tags/western?c4=85,學校,School,學校,
tags?c1=33,https://javdb521.com/tags?c1=33,學校作品,School Stuff,学校作品,
tags?c3=126,https://javdb521.com/tags?c3=126,學校泳裝,School Swimsuit,学校泳装,
uncensored?c4=145,https://javdb521.com/tags/uncensored?c4=145,學校泳裝,School swimsuit,学校泳装,
western?c4=282,https://javdb521.com/tags/western?c4=282,客廳,Living Room,客廳,
western?c4=159,https://javdb521.com/tags/western?c4=159,室內,Indoors,室內,
uncensored?c4=114,https://javdb521.com/tags/uncensored?c4=114,家庭教師,Governess,家庭教師,
tags?c2=136,https://javdb521.com/tags?c2=136,家教,Tutor,家教,
tags?c2=140,https://javdb521.com/tags?c2=140,寡婦,Widow,寡妇,
uncensored?c5=127,https://javdb521.com/tags/uncensored?c5=127,寫真,Photo gallery,寫真,
tags?c7=194,https://javdb521.com/tags?c7=194,寫真偶像,Gravure,写真偶像,
western?c2=15,https://javdb521.com/tags/western?c2=15,射精,Cumshot,射精,
western?c4=190,https://javdb521.com/tags/western?c4=190,尋歡洞,Glory Hole,尋歡洞,
tags?c6=315,https://javdb521.com/tags?c6=315,導尿,Urethral Cathing,导尿,
western?c2=116,https://javdb521.com/tags/western?c2=116,小便,Piss,小便,
western?c1=65,https://javdb521.com/tags/western?c1=65,小個子美女,Petite,小個子美女,
western?c1=97,https://javdb521.com/tags/western?c1=97,小屁股,Small Ass,小屁股,
western?c5=69,https://javdb521.com/tags/western?c5=69,少女,Teen,少女,
uncensored?c2=146,https://javdb521.com/tags/uncensored?c2=146,尿失禁,Pissing incontinence,尿失禁,
tags?c7=168,https://javdb521.com/tags?c7=168,局部特寫,Close Up,局部特写,
tags?c2=188,https://javdb521.com/tags?c2=188,展場女孩,Booth Girl,展场女孩,
uncensored?c2=34,https://javdb521.com/tags/uncensored?c2=34,左右口交,Double Blow,左右口交,
tags?c4=17,https://javdb521.com/tags?c4=17,巨乳,Big Tits,巨乳,
western?c1=13,https://javdb521.com/tags/western?c1=13,巨乳,Big tits,巨乳,
uncensored?c3=68,https://javdb521.com/tags/uncensored?c3=68,巨乳爆乳,Big Tits,巨乳爆乳,
tags?c4=98,https://javdb521.com/tags?c4=98,巨大陰莖,Big cock,巨根,
tags?c2=20,https://javdb521.com/tags?c2=20,已婚婦女,Married Woman,已婚妇女,
western?c3=154,https://javdb521.com/tags/western?c3=154,帽子,Cap,帽子,
western?c6=161,https://javdb521.com/tags/western?c6=161,幕後花絮,Behind The Scenes,幕後花絮,
tags?c4=146,https://javdb521.com/tags?c4=146,平胸,Tits,平胸,
tags?c2=246,https://javdb521.com/tags?c2=246,年輕女孩,Young Gals,年轻女孩,
uncensored?c3=292,https://javdb521.com/tags/uncensored?c3=292,幼妻,Young wife,幼妻,
uncensored?c5=120,https://javdb521.com/tags/uncensored?c5=120,店長推薦,Shop manager recommended,店長推薦,
western?c5=129,https://javdb521.com/tags/western?c5=129,廚師,Chef,廚師,
western?c4=158,https://javdb521.com/tags/western?c4=158,廚房,Kitchen,廚房,
tags?c1=52,https://javdb521.com/tags?c1=52,強姦,Rape,强奸,
tags?c1=300,https://javdb521.com/tags?c1=300,形象俱樂部,Image Club,形象俱乐部,
western?c5=167,https://javdb521.com/tags/western?c5=167,律師,Lawyer,律師,
tags?c5=376,https://javdb521.com/tags?c5=376,後入,Doggy style,后入,
tags?c2=363,https://javdb521.com/tags?c2=363,御宅族,Otaku,御宅族,
uncensored?c5=125,https://javdb521.com/tags/uncensored?c5=125,復古,Retro movies,復古,
western?c0=187,https://javdb521.com/tags/western?c0=187,復活節,Easter,復活節,
western?c0=118,https://javdb521.com/tags/western?c0=118,微變態,Kinky,微變態,
tags?c7=367,https://javdb521.com/tags?c7=367,心理驚悚,Psychological thriller,心理驚悚,
uncensored?c2=32,https://javdb521.com/tags/uncensored?c2=32,性奴,Sexual slavery,性奴,
tags?c1=13,https://javdb521.com/tags?c1=13,性愛,Sex,性爱,
western?c5=89,https://javdb521.com/tags/western?c5=89,性愛專家,Sex Expert,性愛專家,
tags?c1=200,https://javdb521.com/tags?c1=200,性感的,Sexy,性感的,
tags?c1=258,https://javdb521.com/tags?c1=258,性轉換·女體化,Sexual transformation,性轉換·女體化,
tags?c1=162,https://javdb521.com/tags?c1=162,性騷擾,Molester,性骚扰,
tags?c7=253,https://javdb521.com/tags?c7=253,恐怖,Horror,恐怖,
tags?c1=173,https://javdb521.com/tags?c1=173,情侶,Couple,情侣,
western?c0=104,https://javdb521.com/tags/western?c0=104,情侶幻想,Couples Fantasies,情侶幻想,
tags?c1=111,https://javdb521.com/tags?c1=111,惡作劇,Prank,恶作剧,
uncensored?c5=118,https://javdb521.com/tags/uncensored?c5=118,惡搞,Parody,惡搞,
tags?c7=292,https://javdb521.com/tags?c7=292,愛好，文化,"Hobby, Culture",爱好?文化,
tags?c7=314,https://javdb521.com/tags?c7=314,感官作品,Sensuality,感官作品,很不直观，但是没明白类型特点，没法翻译
western?c0=186,https://javdb521.com/tags/western?c0=186,感恩節,Thanksgiving,感恩節,
tags?c7=213,https://javdb521.com/tags?c7=213,感謝祭,Fan Appreciation,感谢祭,
uncensored?c5=129,https://javdb521.com/tags/uncensored?c5=129,懷舊,Nostalgic,懷舊,
tags?c7=296,https://javdb521.com/tags?c7=296,懸疑,Suspense,悬疑,
tags?c1=109,https://javdb521.com/tags?c1=109,戀乳癖,Busty Fetish,恋乳癖,
tags?c7=178,https://javdb521.com/tags?c7=178,戀愛,Love,恋爱,
tags?c1=103,https://javdb521.com/tags?c1=103,戀物癖,Fetish,恋物癖,
uncensored?c2=149,https://javdb521.com/tags/uncensored?c2=149,戀物癖,Fetish,恋物癖,
western?c0=117,https://javdb521.com/tags/western?c0=117,戀物癖,Fetish,恋物癖,
tags?c1=107,https://javdb521.com/tags?c1=107,戀腿癖,Leg Fetish,恋腿癖,
tags?c7=12,https://javdb521.com/tags?c7=12,成人電影,Adult Movie,成人电影,
western?c0=58,https://javdb521.com/tags/western?c0=58,成熟妈妈,MILF,成熟妈妈,
tags?c7=150,https://javdb521.com/tags?c7=150,戰鬥行動,Fighting Action,战斗行动,
tags?c7=11,https://javdb521.com/tags?c7=11,戲劇,Drama,戏剧,
uncensored?c5=119,https://javdb521.com/tags/uncensored?c5=119,戲劇,Drama,戏剧,
tags?c6=66,https://javdb521.com/tags?c6=66,戶外,Outdoors,户外,
uncensored?c2=52,https://javdb521.com/tags/uncensored?c2=52,戶外,Ourdoor,户外,
western?c4=66,https://javdb521.com/tags/western?c4=66,戶外,Outdoors,户外,
tags?c5=77,https://javdb521.com/tags?c5=77,手指插入,Finger Fuck,指交,
tags?c5=102,https://javdb521.com/tags?c5=102,手淫,Handjob,手淫,
western?c2=28,https://javdb521.com/tags/western?c2=28,手淫,Masturbation,手淫,
tags?c5=368,https://javdb521.com/tags?c5=368,打屁股,Spanking,打屁股,
western?c2=42,https://javdb521.com/tags/western?c2=42,打屁股,Spanking,打屁股,
uncensored?c2=24,https://javdb521.com/tags/uncensored?c2=24,打手槍,Handjob,打手槍,
western?c2=54,https://javdb521.com/tags/western?c2=54,打樁式,Pile Driver,打樁式,
western?c2=3,https://javdb521.com/tags/western?c2=3,打飛機,Handjob,打飛機,
tags?c7=87,https://javdb521.com/tags?c7=87,投稿,User Submission,投稿,
western?c5=124,https://javdb521.com/tags/western?c5=124,抖M,Slave,抖M,
western?c0=77,https://javdb521.com/tags/western?c0=77,拉丁美女,Latina,拉丁美女,
tags?c2=371,https://javdb521.com/tags?c2=371,拉拉隊,Cheerleader,拉拉隊,
western?c5=128,https://javdb521.com/tags/western?c5=128,拉拉隊長,Cheerleader,拉拉隊長,
tags?c6=93,https://javdb521.com/tags?c6=93,拘束,Restraint,拘束,
tags?c5=141,https://javdb521.com/tags?c5=141,拳交,Fisting,拳交,
western?c2=188,https://javdb521.com/tags/western?c2=188,拳交,Fisting,拳交,
tags?c5=69,https://javdb521.com/tags?c5=69,按摩,Massage,按摩,
uncensored?c2=140,https://javdb521.com/tags/uncensored?c2=140,按摩,Massage,按摩,
western?c0=40,https://javdb521.com/tags/western?c0=40,按摩,Massage,按摩,
tags?c6=76,https://javdb521.com/tags?c6=76,按摩棒,Vibe,按摩棒,
western?c0=53,https://javdb521.com/tags/western?c0=53,按摩油,Oil,按摩油,
tags?c6=29,https://javdb521.com/tags?c6=29,捆綁,Restraints,捆绑,
uncensored?c2=14,https://javdb521.com/tags/uncensored?c2=14,捆綁,Tied up,捆绑,
uncensored?c3=80,https://javdb521.com/tags/uncensored?c3=80,捲髮,Curls,捲髮,
tags?c5=202,https://javdb521.com/tags?c5=202,排便,Defecation,排便,
western?c0=64,https://javdb521.com/tags/western?c0=64,採訪,Interview,採訪,
tags?c5=124,https://javdb521.com/tags?c5=124,接吻,Kiss,接吻,
western?c2=41,https://javdb521.com/tags/western?c2=41,接吻,Kissing,接吻,
tags?c6=120,https://javdb521.com/tags?c6=120,插入異物,Foreign Objects,插入异物,
western?c2=173,https://javdb521.com/tags/western?c2=173,換妻,Wife Swap,換妻,
tags?c5=385,https://javdb521.com/tags?c5=385,搔癢,Itching,搔癢,
uncensored?c2=289,https://javdb521.com/tags/uncensored?c2=289,搭訕,Nampa,搭訕,
uncensored?c4=107,https://javdb521.com/tags/uncensored?c4=107,播音員,Announcer,播音員,
tags?c5=42,https://javdb521.com/tags?c5=42,放尿,Urination,放尿,
tags?c7=164,https://javdb521.com/tags?c7=164,故事集,Multiple Story,故事集,
western?c5=136,https://javdb521.com/tags/western?c5=136,救生員,Lifeguard,救生員,
tags?c7=250,https://javdb521.com/tags?c7=250,教學,How To,教学,
tags?c7=85,https://javdb521.com/tags?c7=85,數位馬賽克,Digital Mosaic,0,有码分类下面还有不带马赛克的吗？删掉这个标签
tags?c2=101,https://javdb521.com/tags?c2=101,新娘，年輕妻子,"Bride, Young Wife",新娘?年轻妻子,
western?c2=48,https://javdb521.com/tags/western?c2=48,旁觀,Watching,旁觀,
uncensored?c2=139,https://javdb521.com/tags/uncensored?c2=139,旅行,Travel,旅行,
tags?c3=207,https://javdb521.com/tags?c3=207,旗袍,Cheongsam,旗袍,
tags?c2=82,https://javdb521.com/tags?c2=82,明星臉,Look-alike,明星脸,
tags?c1=318,https://javdb521.com/tags?c1=318,暗黑系,Dark System,暗黑系,
western?c1=67,https://javdb521.com/tags/western?c1=67,曬痕,Tan Lines,曬痕,
tags?c1=206,https://javdb521.com/tags?c1=206,曬黑,Sun tan,晒黑,
uncensored?c3=76,https://javdb521.com/tags/uncensored?c3=76,曬黑,"Suntan, dark complexion",晒黑,
western?c1=96,https://javdb521.com/tags/western?c1=96,曬黑皮膚,Tanned Skin,曬黑皮膚,
western?c1=92,https://javdb521.com/tags/western?c1=92,曲線身材,Curvy Woman,曲線身材,
western?c4=175,https://javdb521.com/tags/western?c4=175,更衣室,Locker Room,更衣室,
uncensored?c5=122,https://javdb521.com/tags/uncensored?c5=122,最新影片,New Movies,最新影片,
tags?c2=224,https://javdb521.com/tags?c2=224,服務生,Waitress,服务生,
uncensored?c2=7,https://javdb521.com/tags/uncensored?c2=7,束縛,Bondage,束縛,
tags?c3=154,https://javdb521.com/tags?c3=154,校服,School Uniform,校服,
tags?c2=172,https://javdb521.com/tags?c2=172,格鬥家,Fighters,格斗家,
western?c0=199,https://javdb521.com/tags/western?c0=199,桑拿,Sauna,桑拿,
tags?c7=88,https://javdb521.com/tags?c7=88,業餘,Amateur,业余,
western?c0=183,https://javdb521.com/tags/western?c0=183,業餘,Amateur,业余,
tags?c7=285,https://javdb521.com/tags?c7=285,模擬,Simulation,模拟,
tags?c2=169,https://javdb521.com/tags?c2=169,模特兒,Model,模特,
western?c0=283,https://javdb521.com/tags/western?c0=283,歐洲人,European,歐洲人,
uncensored?c5=128,https://javdb521.com/tags/uncensored?c5=128,正在上映,Now showing,正在上映,
tags?c1=221,https://javdb521.com/tags?c1=221,正太控,Shotacon,正太控,
tags?c1=243,https://javdb521.com/tags?c1=243,正常,Normal,正常,
tags?c7=191,https://javdb521.com/tags?c7=191,歷史劇,Historical Play,历史剧,
tags?c1=196,https://javdb521.com/tags?c1=196,殘忍畫面,Cruel Expression,残忍画面,
tags?c5=100,https://javdb521.com/tags?c5=100,母乳,Breast Milk,母乳,
uncensored?c2=294,https://javdb521.com/tags/uncensored?c2=294,母乳,Breast Milk,母乳,
tags?c2=55,https://javdb521.com/tags?c2=55,母親,Mother,母亲,
uncensored?c4=113,https://javdb521.com/tags/uncensored?c4=113,比基尼,Bikini,比基尼,
western?c3=61,https://javdb521.com/tags/western?c3=61,比基尼,Bikini,比基尼,
western?c1=488,https://javdb521.com/tags/western?c1=488,比基尼直線,Landing strip,比基尼直線,
western?c5=142,https://javdb521.com/tags/western?c5=142,水手,Sailor,水手,
tags?c3=78,https://javdb521.com/tags?c3=78,水手服,Sailor Suit,水手服,
western?c5=139,https://javdb521.com/tags/western?c5=139,水管工,Plumber,水管工,
western?c0=108,https://javdb521.com/tags/western?c0=108,汽車,Car,汽車,
tags?c6=171,https://javdb521.com/tags?c6=171,汽車性愛,Car Sex,车震,
uncensored?c2=57,https://javdb521.com/tags/uncensored?c2=57,汽車性愛,Car Play Car Sex,车震,
western?c5=166,https://javdb521.com/tags/western?c5=166,法官,Judge,法官,
uncensored?c2=26,https://javdb521.com/tags/uncensored?c2=26,泡泡浴,Turkish bath,泡泡浴,
tags?c3=199,https://javdb521.com/tags?c3=199,泡泡襪,Loose Socks,泡泡袜,
western?c4=109,https://javdb521.com/tags/western?c4=109,泳池,Pool,泳池,
tags?c3=84,https://javdb521.com/tags?c3=84,泳裝,Swimsuit,泳装,
uncensored?c4=102,https://javdb521.com/tags/uncensored?c4=102,泳裝,Swimsuit,泳装,
tags?c1=165,https://javdb521.com/tags?c1=165,洗澡,Bath,洗澡,
western?c0=168,https://javdb521.com/tags/western?c0=168,派對,Party,派對,
tags?c1=160,https://javdb521.com/tags?c1=160,流汗,Sweat,流汗,
western?c2=194,https://javdb521.com/tags/western?c2=194,流汗,Sweat,流汗,
uncensored?c2=50,https://javdb521.com/tags/uncensored?c2=50,浪叫,Large screaming,浪叫,
western?c4=105,https://javdb521.com/tags/western?c4=105,浴室,Bathroom,浴室,
western?c4=160,https://javdb521.com/tags/western?c4=160,浴缸,Bathtub,浴缸,
tags?c3=143,https://javdb521.com/tags?c3=143,浴衣,Yukata,浴衣,
western?c4=107,https://javdb521.com/tags/western?c4=107,海灘,Beach,海灘,
western?c5=133,https://javdb521.com/tags/western?c5=133,消防隊員,Firefighter,消防隊員,
uncensored?c2=21,https://javdb521.com/tags/uncensored?c2=21,淋浴沐浴,Shower/bathing,淋浴/沐浴,
uncensored?c3=85,https://javdb521.com/tags/uncensored?c3=85,淫亂S女,Nasty S woman,淫亂S女,
tags?c1=23,https://javdb521.com/tags?c1=23,淫亂真實,"Nasty, Hardcore",淫乱?真实,
uncensored?c2=19,https://javdb521.com/tags/uncensored?c2=19,淫蕩手淫,Soggy Masturbation,淫蕩手淫,
tags?c5=36,https://javdb521.com/tags?c5=36,淫語,Dirty Words,淫语,
uncensored?c2=23,https://javdb521.com/tags/uncensored?c2=23,淫語,Dirty discourse,淫语,
tags?c5=123,https://javdb521.com/tags?c5=123,深喉,Deep Throating,深喉,
uncensored?c2=20,https://javdb521.com/tags/uncensored?c2=20,深喉,Deep Throating,深喉,
western?c2=26,https://javdb521.com/tags/western?c2=26,深喉,Deep Throat,深喉,
uncensored?c3=91,https://javdb521.com/tags/uncensored?c3=91,混血美女,Beautiful mixed girl,混血美女,
tags?c1=56,https://javdb521.com/tags?c1=56,溫泉,Hot Spring,温泉,
tags?c7=273,https://javdb521.com/tags?c7=273,滑稽模仿,Parody,滑稽模仿,
uncensored?c4=106,https://javdb521.com/tags/uncensored?c4=106,漁網褲襪,Fishnet tights,漁網褲襪,
uncensored?c3=82,https://javdb521.com/tags/uncensored?c3=82,漂亮屁股,Nice Ass,漂亮屁股,
tags?c5=68,https://javdb521.com/tags?c5=68,潮吹,Squirting,潮吹,
uncensored?c2=29,https://javdb521.com/tags/uncensored?c2=29,潮吹,Squirting,潮吹,
western?c2=29,https://javdb521.com/tags/western?c2=29,潮吹,Squirting,潮吹,
tags?c1=387,https://javdb521.com/tags?c1=387,濕身,Wet body,濕身,
uncensored?c4=104,https://javdb521.com/tags/uncensored?c4=104,濕透,Transparent wet,濕透,
tags?c5=110,https://javdb521.com/tags?c5=110,濫交,Promiscuity,滥交,
uncensored?c2=136,https://javdb521.com/tags/uncensored?c2=136,濫交,Promiscuity,滥交,
tags?c6=138,https://javdb521.com/tags?c6=138,灌腸,Enema,灌肠,
uncensored?c2=13,https://javdb521.com/tags/uncensored?c2=13,無套內射,Cum inside without condom,無套內射,
tags?c4=22,https://javdb521.com/tags?c4=22,無毛,Shaved,无毛,
tags?c7=345,https://javdb521.com/tags?c7=345,無碼流出,Uncensored Leak,无码流出,
tags?c7=348,https://javdb521.com/tags?c7=348,無碼破解,Uncensored Crack,無碼破解,
tags?c4=15,https://javdb521.com/tags?c4=15,熟女,Mature Woman,熟女,
uncensored?c3=70,https://javdb521.com/tags/uncensored?c3=70,熟女,Mature,熟女,
western?c5=93,https://javdb521.com/tags/western?c5=93,熟女,Mature,熟女,
tags?c1=184,https://javdb521.com/tags?c1=184,爛醉如泥的,Dead Drunk,烂醉如泥的,
western?c3=172,https://javdb521.com/tags/western?c3=172,牛仔短褲,Jean Shorts,牛仔短褲,
western?c3=100,https://javdb521.com/tags/western?c3=100,牛仔褲,Jeans,牛仔褲,
western?c5=145,https://javdb521.com/tags/western?c5=145,特務,Special Agent,特務,
tags?c7=152,https://javdb521.com/tags?c7=152,特效,Special Effects,特效,
tags?c3=156,https://javdb521.com/tags?c3=156,猥褻穿著,Erotic Wear,猥亵穿着,
western?c6=19,https://javdb521.com/tags/western?c6=19,獨占,Exclusive,獨占,
uncensored?c5=124,https://javdb521.com/tags/uncensored?c5=124,獨占影片,Exclusive movies,獨占影片,
tags?c7=121,https://javdb521.com/tags?c7=121,獨立製作,Independents,独立制作,
tags?c1=112,https://javdb521.com/tags?c1=112,獵豔,Nampa,猎艳,
tags?c6=50,https://javdb521.com/tags?c6=50,玩具,Toy,玩具,
uncensored?c2=137,https://javdb521.com/tags/uncensored?c2=137,玩具,Toy,玩具,
western?c2=74,https://javdb521.com/tags/western?c2=74,玩具,Toy,玩具,
western?c0=189,https://javdb521.com/tags/western?c0=189,瑜伽,Yoga,瑜伽,
tags?c5=378,https://javdb521.com/tags?c5=378,瑜伽·健身,Yoga·Fitness,瑜伽·健身,
tags?c1=277,https://javdb521.com/tags?c1=277,男同性戀,Gay,男同性恋,
tags?c7=280,https://javdb521.com/tags?c7=280,男性,Male,0,只有一部影片，而且片如分类名
western?c2=171,https://javdb521.com/tags/western?c2=171,疊屁股,Ass Stacking,疊屁股,
uncensored?c3=73,https://javdb521.com/tags/uncensored?c3=73,痴女,Female molester,痴女,
uncensored?c3=62,https://javdb521.com/tags/uncensored?c3=62,痴女與M男,Female molester and M guy,痴女與M男,
tags?c2=341,https://javdb521.com/tags?c2=341,痴漢,Molester,痴汉,
western?c1=76,https://javdb521.com/tags/western?c1=76,瘦女孩,Skinny,瘦女孩,
tags?c4=134,https://javdb521.com/tags?c4=134,瘦小身型,Mini,瘦小身型,
tags?c2=6,https://javdb521.com/tags?c2=6,白人,White Actress,白人,
tags?c1=157,https://javdb521.com/tags?c1=157,白天出軌,Cuckold,白天出轨,
tags?c5=379,https://javdb521.com/tags?c5=379,白眼失神,Roll your eyes,白眼失神,
uncensored?c3=74,https://javdb521.com/tags/uncensored?c3=74,白虎,Shaved,白虎,
western?c1=78,https://javdb521.com/tags/western?c1=78,白虎,Shaved,白虎,
western?c4=165,https://javdb521.com/tags/western?c4=165,監獄,Prison,監獄,
tags?c6=53,https://javdb521.com/tags?c6=53,監禁,Confinement,监禁,
western?c3=70,https://javdb521.com/tags/western?c3=70,眼罩,Blind Fold,眼罩,
tags?c3=3,https://javdb521.com/tags?c3=3,眼鏡,Glasses,眼镜,
western?c3=63,https://javdb521.com/tags/western?c3=63,眼鏡,Glasses,眼镜,
uncensored?c3=83,https://javdb521.com/tags/uncensored?c3=83,眼鏡娘,Glasses lady,眼鏡娘,
western?c3=162,https://javdb521.com/tags/western?c3=162,睡衣,Pyjamas,睡衣,
uncensored?c5=121,https://javdb521.com/tags/uncensored?c5=121,知名女優,Famous actress,知名女優,
tags?c3=125,https://javdb521.com/tags?c3=125,短裙,Skirt,内衣,
western?c3=150,https://javdb521.com/tags/western?c3=150,短裙,Skirt,短裙,
western?c3=151,https://javdb521.com/tags/western?c3=151,短褲,shorts,短褲,
uncensored?c3=93,https://javdb521.com/tags/uncensored?c3=93,短髮,Short hair,短髮,
western?c1=286,https://javdb521.com/tags/western?c1=286,短髮,Short Hair,短髮,
tags?c2=190,https://javdb521.com/tags?c2=190,禮儀小姐,Hostesses,礼仪小姐,
tags?c7=266,https://javdb521.com/tags?c7=266,科幻,SF,科幻,
tags?c2=108,https://javdb521.com/tags?c2=108,秘書,Secretary,秘书,
western?c5=156,https://javdb521.com/tags/western?c5=156,秘書,Secretary,秘书,
tags?c3=203,https://javdb521.com/tags?c3=203,空中小姐,Stewardess,空姐,
uncensored?c4=115,https://javdb521.com/tags/uncensored?c4=115,空姐,Stewardess,空姐,
western?c5=179,https://javdb521.com/tags/western?c5=179,空姐,Flight Attendant,空姐,
tags?c6=170,https://javdb521.com/tags?c6=170,立即口交,Impromptu Sex,立即口交,
uncensored?c2=17,https://javdb521.com/tags/uncensored?c2=17,立即口交,Blowjob,立即口交,
uncensored?c2=65,https://javdb521.com/tags/uncensored?c2=65,立即騎乘,Immediate Saddle,立即騎乘,
tags?c6=389,https://javdb521.com/tags?c6=389,站立後入,stand-back,站立後入,
uncensored?c2=39,https://javdb521.com/tags/uncensored?c2=39,站立性交,Standing style,站立性交,
western?c2=8,https://javdb521.com/tags/western?c2=8,站立抽插,The Hanging Garden,站立抽插,
western?c2=30,https://javdb521.com/tags/western?c2=30,站立背入式,Standing Doggystyle,站立背入式,
tags?c2=265,https://javdb521.com/tags?c2=265,童年朋友,Childhood Friend,童年朋友,
tags?c7=45,https://javdb521.com/tags?c7=45,第一人稱攝影,POV,第一人称摄影,
western?c0=90,https://javdb521.com/tags/western?c0=90,第一人稱視角,POV,第一人稱視角,
uncensored?c2=48,https://javdb521.com/tags/uncensored?c2=48,第一人稱視角(POV),POV,第一人稱視角(POV),
uncensored?c2=44,https://javdb521.com/tags/uncensored?c2=44,粉紅,Pink rotor,粉紅,
western?c6=193,https://javdb521.com/tags/western?c6=193,粉絲作品,Fan Submitted,粉絲作品,
western?c2=84,https://javdb521.com/tags/western?c2=84,粗暴性愛,Rough Sex,粗暴性愛,
uncensored?c5=130,https://javdb521.com/tags/uncensored?c5=130,精品收藏,Deals omnibus collection,精品收藏,
western?c2=121,https://javdb521.com/tags/western?c2=121,精液交換,Cum Swap,精液交換,
uncensored?c3=90,https://javdb521.com/tags/uncensored?c3=90,精緻身材,Exquisite glamorous body,精緻身材,
tags?c7=8,https://javdb521.com/tags?c7=8,精選綜合,"Best, Omnibus",精选?综合,
tags?c6=180,https://javdb521.com/tags?c6=180,糞便,Scatology,粪便,
tags?c7=97,https://javdb521.com/tags?c7=97,紀錄片,Documentary,纪录片,
tags?c5=373,https://javdb521.com/tags?c5=373,約會,dating,約會,
western?c1=25,https://javdb521.com/tags/western?c1=25,紅頭髮,Redhead,紅頭髮,
western?c1=122,https://javdb521.com/tags/western?c1=122,紋身/穿孔,Tattoo/Piercing,紋身/穿孔,
tags?c1=362,https://javdb521.com/tags?c1=362,純欲,Pure libido,純欲,
tags?c4=338,https://javdb521.com/tags?c4=338,素人,Amateur,素人,
uncensored?c3=88,https://javdb521.com/tags/uncensored?c3=88,素人,Amateur,素人,
tags?c7=330,https://javdb521.com/tags?c7=330,素人作品,Amateur,素人作品,
tags?c1=360,https://javdb521.com/tags?c1=360,絕頂高潮,Climax,絕頂高潮,
tags?c7=236,https://javdb521.com/tags?c7=236,給女性觀眾,For Women,女性向,
western?c3=56,https://javdb521.com/tags/western?c3=56,絲襪,Stockings,絲襪,
western?c3=99,https://javdb521.com/tags/western?c3=99,絲襪,Socks,絲襪,
tags?c3=198,https://javdb521.com/tags?c3=198,絲襪、過膝襪,Knee Socks,过膝袜,
western?c3=152,https://javdb521.com/tags/western?c3=152,綁腿,Leggings,綁腿,
tags?c7=175,https://javdb521.com/tags?c7=175,經典,Classic,经典,
tags?c1=386,https://javdb521.com/tags?c1=386,經歷告白,Experience confession,經歷告白,
tags?c7=271,https://javdb521.com/tags?c7=271,綜合短篇,Omnibus,综合短篇,
tags?c7=351,https://javdb521.com/tags?c7=351,綜藝,Variety Show,綜藝,
western?c0=62,https://javdb521.com/tags/western?c0=62,綠帽男,Cuckold,綠帽男,
western?c5=138,https://javdb521.com/tags/western?c5=138,維修工,Mechanic,維修工,
tags?c6=31,https://javdb521.com/tags?c6=31,緊縛,Bondage,紧缚,
western?c2=73,https://javdb521.com/tags/western?c2=73,緊縛,Bondage,紧缚,
tags?c3=177,https://javdb521.com/tags?c3=177,緊身衣,Leotard,紧身衣,
western?c3=130,https://javdb521.com/tags/western?c3=130,緊身衣,Corset,紧身衣,
western?c5=192,https://javdb521.com/tags/western?c5=192,繼女,Stepdaughter,繼女,
western?c5=131,https://javdb521.com/tags/western?c5=131,罪犯,Criminal,罪犯,
tags?c4=91,https://javdb521.com/tags?c4=91,美乳,Breasts,乳房,
uncensored?c3=72,https://javdb521.com/tags/uncensored?c3=72,美乳,Breasts,美乳,
uncensored?c3=75,https://javdb521.com/tags/uncensored?c3=75,美女,Beauty,美女,
tags?c1=135,https://javdb521.com/tags?c1=135,美容院,Beauty Shop,美容院,
tags?c2=5,https://javdb521.com/tags?c2=5,美少女,Beautiful Girl,美少女,
uncensored?c3=71,https://javdb521.com/tags/uncensored?c3=71,美少女,Beautiful girl,美少女,
tags?c7=312,https://javdb521.com/tags?c7=312,美少女電影,Beautiful Girl Movie,美少女电影,
uncensored?c3=84,https://javdb521.com/tags/uncensored?c3=84,美穴,Beautiful Pussy,美穴,
tags?c4=339,https://javdb521.com/tags?c4=339,美腳,Beautiful foot,美脚,
uncensored?c3=81,https://javdb521.com/tags/uncensored?c3=81,美腳,Beautiful legs,美脚,
tags?c4=57,https://javdb521.com/tags?c4=57,美臀,Butt,屁股,
tags?c6=79,https://javdb521.com/tags?c6=79,羞恥,Humiliation,羞耻,
western?c2=43,https://javdb521.com/tags/western?c2=43,群交,Orgy,群交,
western?c1=98,https://javdb521.com/tags/western?c1=98,翹臀,Bubble Butt,翹臀,
tags?c2=365,https://javdb521.com/tags?c2=365,老太婆,Old Women,老太婆,
western?c5=146,https://javdb521.com/tags/western?c5=146,老師,Teacher,老師,
tags?c2=366,https://javdb521.com/tags?c2=366,老年男性,Old Men,老年男性,
western?c5=180,https://javdb521.com/tags/western?c5=180,老闆,Boss,老闆,
tags?c2=144,https://javdb521.com/tags?c2=144,老闆娘，女主人,"Landlady, Hostess",老板娘，女主人,
western?c0=184,https://javdb521.com/tags/western?c0=184,聖誕,Christmas,聖誕,
uncensored?c3=95,https://javdb521.com/tags/uncensored?c3=95,肉肉女,BBW,肉肉女,
tags?c4=166,https://javdb521.com/tags?c4=166,肌肉,Muscle,肌肉,
western?c1=285,https://javdb521.com/tags/western?c1=285,肌肉發達,Muscular,肌肉發達,
uncensored?c2=6,https://javdb521.com/tags/uncensored?c2=6,肛交,Anal Sex,肛交,
uncensored?c2=51,https://javdb521.com/tags/uncensored?c2=51,肛交,Anal Play,肛交,
western?c2=23,https://javdb521.com/tags/western?c2=23,肛交,Anal,肛交,
western?c2=44,https://javdb521.com/tags/western?c2=44,肛交轉口交,Ass to Mouth,肛交轉口交,
tags?c5=74,https://javdb521.com/tags?c5=74,肛門?肛交,Anus,肛交,
western?c2=46,https://javdb521.com/tags/western?c2=46,肛門射精,Anal Creampie,肛門射精,
western?c2=38,https://javdb521.com/tags/western?c2=38,肛門擴張,Gape,肛門擴張,
western?c2=6,https://javdb521.com/tags/western?c2=6,背入式,Doggystyle,背入式,
uncensored?c2=28,https://javdb521.com/tags/uncensored?c2=28,背後插入,Intense back fuck,背後插入,
western?c3=148,https://javdb521.com/tags/western?c3=148,背心,Tank Top,背心,
uncensored?c2=41,https://javdb521.com/tags/uncensored?c2=41,背部騎乘位,Back cowgirl,背部騎乘位,
tags?c4=104,https://javdb521.com/tags?c4=104,胖女人,BBW,胖女人,
tags?c6=225,https://javdb521.com/tags?c6=225,脫衣,Undressing,脱衣,
western?c2=169,https://javdb521.com/tags/western?c2=169,脫衣舞,Stripper,脫衣舞,
uncensored?c2=67,https://javdb521.com/tags/uncensored?c2=67,腔鏡,Endoscope,腔鏡,
western?c3=101,https://javdb521.com/tags/western?c3=101,膠乳,Latex,膠乳,
western?c4=281,https://javdb521.com/tags/western?c4=281,臥室,Bedroom,臥室,
tags?c5=38,https://javdb521.com/tags?c5=38,自慰,Masturbation,自慰,
western?c1=60,https://javdb521.com/tags/western?c1=60,自然乳房,Natural Tits,自然乳房,
uncensored?c2=16,https://javdb521.com/tags/uncensored?c2=16,與外國人玩,Play with the foreigners,與外國人玩,
uncensored?c2=295,https://javdb521.com/tags/uncensored?c2=295,舔,Licking,舔,
western?c2=33,https://javdb521.com/tags/western?c2=33,舔肛,Rimming,舔肛,
tags?c5=73,https://javdb521.com/tags?c5=73,舔陰,Cunnilingus,舔阴,
western?c2=5,https://javdb521.com/tags/western?c2=5,舔陰,Pussy Licking,舔阴,
western?c4=113,https://javdb521.com/tags/western?c4=113,船,Boat,船,
western?c0=174,https://javdb521.com/tags/western?c0=174,芭蕾,Ballerina,芭蕾,
tags?c4=65,https://javdb521.com/tags?c4=65,苗條,Slender,苗条,
uncensored?c3=77,https://javdb521.com/tags/uncensored?c3=77,苗條,Slender,苗条,
western?c0=185,https://javdb521.com/tags/western?c0=185,萬聖節,Halloween,萬聖節,
tags?c6=346,https://javdb521.com/tags?c6=346,蒙面?面罩,Masked,蒙面?面罩,
tags?c2=48,https://javdb521.com/tags?c2=48,蕩婦,Slut,荡妇,
western?c3=31,https://javdb521.com/tags/western?c3=31,蕾絲,Lingerie,蕾絲,
western?c2=71,https://javdb521.com/tags/western?c2=71,蕾絲剪刀式,Scissoring,蕾絲剪刀式,
tags?c7=83,https://javdb521.com/tags?c7=83,薄馬賽克,Risky Mosaic,薄码,
western?c1=47,https://javdb521.com/tags/western?c1=47,藍色眼晴,Blue Eyes,藍色眼晴,
tags?c2=27,https://javdb521.com/tags?c2=27,藝人,Entertainer,艺人,
tags?c6=155,https://javdb521.com/tags?c6=155,藥物,Drug,药物,
uncensored?c4=108,https://javdb521.com/tags/uncensored?c4=108,蘿莉,Lolita,蘿莉,
tags?c4=19,https://javdb521.com/tags?c4=19,蘿莉塔,Lolita,萝莉,
tags?c3=182,https://javdb521.com/tags?c3=182,蘿莉角色扮演,Lolita Gothic,萝莉角色扮演,
tags?c1=7,https://javdb521.com/tags?c1=7,處女,Virgin,处女,
tags?c1=187,https://javdb521.com/tags?c1=187,處男,Virgin Man,处男,
tags?c6=382,https://javdb521.com/tags?c6=382,蠟燭,Candle,蠟燭,
tags?c1=249,https://javdb521.com/tags?c1=249,蠻橫嬌羞,Tsundere,蛮横娇羞,
tags?c7=267,https://javdb521.com/tags?c7=267,行動,Action,行动,
tags?c1=343,https://javdb521.com/tags?c1=343,被外國人幹,Fucked by foreigners,被外国人干,
western?c3=149,https://javdb521.com/tags/western?c3=149,裙子,Dress,裙子,
tags?c3=89,https://javdb521.com/tags?c3=89,裸體圍裙,Naked Apron,裸体围裙,
uncensored?c4=97,https://javdb521.com/tags/uncensored?c4=97,製服,Uniform,製服,
western?c1=1,https://javdb521.com/tags/western?c1=1,褐髮,Brunette,褐髮,
western?c3=155,https://javdb521.com/tags/western?c3=155,襯衫,Blouse,襯衫,
uncensored?c4=109,https://javdb521.com/tags/uncensored?c4=109,西方時,Western fashion,西方時,
tags?c7=254,https://javdb521.com/tags?c7=254,西洋片,US/EU Porn,西洋片,
tags?c3=43,https://javdb521.com/tags?c3=43,角色扮演,Cosplay,Cosplay,
uncensored?c4=96,https://javdb521.com/tags/uncensored?c4=96,角色扮演,Cosplay,Cosplay,
western?c5=195,https://javdb521.com/tags/western?c5=195,角色扮演,Cosplay,Cosplay,
tags?c2=118,https://javdb521.com/tags?c2=118,角色扮演者,Cosplayers,角色扮演者,
tags?c1=234,https://javdb521.com/tags?c1=234,觸手,Tentacle,触手,
tags?c7=325,https://javdb521.com/tags?c7=325,觸摸打字,Touch Typing,触摸打字,
tags?c7=242,https://javdb521.com/tags?c7=242,訪問,Interview,访问,
tags?c6=94,https://javdb521.com/tags?c6=94,調教,Training,调教,
western?c2=87,https://javdb521.com/tags/western?c2=87,調教,Femdom,调教,
tags?c2=204,https://javdb521.com/tags?c2=204,講師,Instructor,讲师,
western?c5=140,https://javdb521.com/tags/western?c5=140,警察,Police,警察,
tags?c2=115,https://javdb521.com/tags?c2=115,護士,Nurse,护士,
uncensored?c4=99,https://javdb521.com/tags/uncensored?c4=99,護士,Nurse,护士,
uncensored?c3=94,https://javdb521.com/tags/uncensored?c3=94,變性人,Transsexual,變性人,
tags?c4=147,https://javdb521.com/tags?c4=147,變性者,Transsexual,变性者,
western?c1=91,https://javdb521.com/tags/western?c1=91,豐滿,Voluptuous,豐滿,
tags?c3=116,https://javdb521.com/tags?c3=116,貓耳女,Catgirl,猫耳女,
uncensored?c3=78,https://javdb521.com/tags/uncensored?c3=78,貧乳,Tiny tits,貧乳,
western?c1=2,https://javdb521.com/tags/western?c1=2,貧乳,Small Tits,貧乳,
tags?c2=133,https://javdb521.com/tags?c2=133,賽車女郎,Race Queen,赛车女郎,
tags?c4=217,https://javdb521.com/tags?c4=217,超乳,Ultra-Huge Tits,超乳,
tags?c5=61,https://javdb521.com/tags?c5=61,足交,Footjob,足交,
uncensored?c2=25,https://javdb521.com/tags/uncensored?c2=25,足交,Footjob,足交,
western?c2=115,https://javdb521.com/tags/western?c2=115,足交,Feet,足交,
western?c0=196,https://javdb521.com/tags/western?c0=196,足球,Football,足球,
western?c0=68,https://javdb521.com/tags/western?c0=68,跨種族,Interracial,跨種族,
uncensored?c2=45,https://javdb521.com/tags/uncensored?c2=45,跳,vibrator,跳,
tags?c1=75,https://javdb521.com/tags?c1=75,跳舞,Dance,跳舞,
uncensored?c2=27,https://javdb521.com/tags/uncensored?c2=27,跳舞,dance,跳舞,
tags?c6=39,https://javdb521.com/tags?c6=39,跳蛋,Egg Vibrator,跳蛋,
tags?c3=99,https://javdb521.com/tags?c3=99,身體意識,Body Conscious,身体意识,
western?c4=111,https://javdb521.com/tags/western?c4=111,車庫,Garage,車庫,
tags?c2=237,https://javdb521.com/tags?c2=237,車掌小姐,Bus Guide,车掌小姐,
uncensored?c2=42,https://javdb521.com/tags/uncensored?c2=42,車站性交,Ekiben sex,車站性交,
western?c0=200,https://javdb521.com/tags/western?c0=200,軍事,Military,軍事,
tags?c6=364,https://javdb521.com/tags?c6=364,輔助自慰,Assisted masturbation,輔助自慰,
tags?c6=41,https://javdb521.com/tags?c6=41,輪姦,Gangbang,轮奸,
uncensored?c2=11,https://javdb521.com/tags/uncensored?c2=11,輪姦,Group Sex,轮奸,
uncensored?c2=47,https://javdb521.com/tags/uncensored?c2=47,輪姦,Gangbang,轮奸,
tags?c2=67,https://javdb521.com/tags?c2=67,辣妹,Gal,女生,
uncensored?c3=89,https://javdb521.com/tags/uncensored?c3=89,辣妹,Gyaru,辣妹,
western?c4=110,https://javdb521.com/tags/western?c4=110,辦公室,Office,辦公室,
tags?c3=129,https://javdb521.com/tags?c3=129,迷你裙,Mini Skirt,迷你裙,
uncensored?c2=31,https://javdb521.com/tags/uncensored?c2=31,迷你裙,Mini Skirt Skirt,迷你裙,
tags?c3=248,https://javdb521.com/tags?c3=248,迷你裙警察,Mini Skirt Police,迷你裙警察,
tags?c3=106,https://javdb521.com/tags?c3=106,連褲襪,Pantyhose,连裤袜,
uncensored?c4=151,https://javdb521.com/tags/uncensored?c4=151,連褲襪,Black pantyhose,连裤袜,
uncensored?c5=132,https://javdb521.com/tags/uncensored?c5=132,週排名第一的作品,★ week No. 1 Winning Movies,週排名第一的作品,
western?c0=201,https://javdb521.com/tags/western?c0=201,遊戲,Game,遊戲,
tags?c1=128,https://javdb521.com/tags?c1=128,運動,Sport,运动,
tags?c1=361,https://javdb521.com/tags?c1=361,運動,Sports,運動,
western?c0=83,https://javdb521.com/tags/western?c0=83,運動健身,Sports,運動健身,
tags?c3=127,https://javdb521.com/tags?c3=127,運動短褲,Bloomers,运动短裤,
uncensored?c4=111,https://javdb521.com/tags/uncensored?c4=111,運動裝,"Bloomers, physical education clothes",運動裝,
western?c4=125,https://javdb521.com/tags/western?c4=125,酒吧,Bar,酒吧,
western?c4=163,https://javdb521.com/tags/western?c4=163,酒店房間,Hotel Room,酒店房間,
western?c5=132,https://javdb521.com/tags/western?c5=132,醫生,Doctor,醫生,
western?c5=88,https://javdb521.com/tags/western?c5=88,醫生/護士,Doctor/Nurse,醫生/護士,
western?c4=176,https://javdb521.com/tags/western?c4=176,醫院,Hospital,醫院,
tags?c7=189,https://javdb521.com/tags?c7=189,重印版,Reprinted Edition,重制版,
uncensored?c5=126,https://javdb521.com/tags/uncensored?c5=126,金發,Blonde hair,金發,
western?c1=14,https://javdb521.com/tags/western?c1=14,金髮,Blonde,金髮,
western?c1=21,https://javdb521.com/tags/western?c1=21,陰毛,Hairy Pussy,陰毛,
tags?c1=211,https://javdb521.com/tags?c1=211,雙性人,Futanari,双性人,
western?c2=24,https://javdb521.com/tags/western?c2=24,雙插,Double Penetration,雙插,
uncensored?c4=105,https://javdb521.com/tags/uncensored?c4=105,雪白皮膚,Beautiful Skin,雪白皮膚,
western?c1=95,https://javdb521.com/tags/western?c1=95,雪白皮膚,Pale Skin,雪白皮膚,
western?c2=72,https://javdb521.com/tags/western?c2=72,電動馬鞍,Sybian,電動馬鞍,
uncensored?c2=58,https://javdb521.com/tags/uncensored?c2=58,電車痴漢,Molester by train,電車痴漢,
tags?c6=159,https://javdb521.com/tags?c6=159,露出,Exposure,露出,
uncensored?c2=53,https://javdb521.com/tags/uncensored?c2=53,露出,Exposed outdoors,露出,
tags?c3=358,https://javdb521.com/tags?c3=358,靴子,boots,靴子,
western?c3=102,https://javdb521.com/tags/western?c3=102,靴子,Boots,靴子,
tags?c1=291,https://javdb521.com/tags?c1=291,韓國,Korean,韩国,
tags?c5=46,https://javdb521.com/tags?c5=46,顏射,Facials,颜射,
uncensored?c2=8,https://javdb521.com/tags/uncensored?c2=8,顏射,Facial,颜射,
uncensored?c2=38,https://javdb521.com/tags/uncensored?c2=38,顏射,Facial,颜射,
western?c2=11,https://javdb521.com/tags/western?c2=11,顏射,Facial,颜射,
uncensored?c2=64,https://javdb521.com/tags/uncensored?c2=64,顏面騎乘,Facesitting,顏面騎乘,
western?c2=36,https://javdb521.com/tags/western?c2=36,顏面騎乘,Face Sitting,顏面騎乘,
tags?c2=274,https://javdb521.com/tags?c2=274,飛特族,Freeter,飞特族,
tags?c5=209,https://javdb521.com/tags?c5=209,食糞,Coprophagy,食粪,
tags?c5=195,https://javdb521.com/tags?c5=195,飲尿,Piss Drinking,饮尿,
tags?c2=383,https://javdb521.com/tags?c2=383,養女,Adopted daughter,養女,
tags?c7=370,https://javdb521.com/tags?c7=370,養尊處優,Pampering,養尊處優,
western?c4=126,https://javdb521.com/tags/western?c4=126,餐廳,Restaurant,餐廳,
tags?c7=80,https://javdb521.com/tags?c7=80,首次亮相,Debut Production,首次亮相,
uncensored?c2=33,https://javdb521.com/tags/uncensored?c2=33,首次亮相,First appearance,首次亮相,
tags?c5=197,https://javdb521.com/tags?c5=197,騎乗位,Facesitting,骑乘位,
uncensored?c2=40,https://javdb521.com/tags/uncensored?c2=40,騎乘位,Cowgirl,騎乘位,
western?c2=7,https://javdb521.com/tags/western?c2=7,騎乘位,Riding,騎乘位,
western?c0=51,https://javdb521.com/tags/western?c0=51,騙色,Cheating,騙色,
uncensored?c4=116,https://javdb521.com/tags/uncensored?c4=116,體育Cosplay,Sports Cosplay,體育Cosplay,
tags?c2=1,https://javdb521.com/tags?c2=1,高中女生,School Girls,高中女生,
tags?c4=62,https://javdb521.com/tags?c4=62,高挑,Tall,高,
uncensored?c3=92,https://javdb521.com/tags/uncensored?c3=92,高挑身材,Tall girl,高挑身材,
tags?c3=352,https://javdb521.com/tags?c3=352,高跟鞋,High heels,高跟鞋,
uncensored?c4=296,https://javdb521.com/tags/uncensored?c4=296,高跟鞋,High heel,高跟鞋,
western?c3=55,https://javdb521.com/tags/western?c3=55,高跟鞋,Heels,高跟鞋,
tags?c1=185,https://javdb521.com/tags?c1=185,魔鬼系,Evil,魔鬼系,
tags?c6=179,https://javdb521.com/tags?c6=179,鴨嘴,Speculum,鸭嘴,
tags?c2=137,https://javdb521.com/tags?c2=137,黑人演員,Black Actor,黑人演员,
western?c1=52,https://javdb521.com/tags/western?c1=52,黑人美女,Ebony,黑人美女,
tags?c1=349,https://javdb521.com/tags?c1=349,黑白配,BlackNWhite,黑白配,
western?c1=39,https://javdb521.com/tags/western?c1=39,黑髮,Black Hair,黑髮,
tags?c6=380,https://javdb521.com/tags?c6=380,鼻鉤,Nose hook,鼻鉤,
uncensored?c2=37,https://javdb521.com/tags/uncensored?c2=37,龜甲捆綁,Tied turtle,龟甲捆绑,
